fuente,dataset,fecha_extraccion,archivo_crudo,parquet,sha256,filas,columnas,rol,tbl_id,url,vigente
KOSIS,censo_historico,2026-10-02,data/bronze/kosis/2026-10-02/101_DT_1IN0001_20261002095908.xls,data/bronze/kosis/2026-10-02/censo_historico.parquet,886ae1f37ea9ed917ff34534f2703adf58f14f180ff2a894476b93d24747425f,2632,22,contexto,DT_1IN0001,https://kosis.kr/statHtml/statHtml.do?orgId=101&tblId=DT_1IN0001&language=en,True
KOSIS,censo_registros,2026-10-02,data/bronze/kosis/2026-10-02/101_DT_1IN1502_20261002094734.xls,data/bronze/kosis/2026-10-02/censo_registros.parquet,ada83e35dee8ddecce2fc35a93073fe6276de053afe276645659d1c97a73619b,6580,13,complementaria,DT_1IN1502,https://kosis.kr/statHtml/statHtml.do?orgId=101&tblId=DT_1IN1502&language=en,True
KOSIS,eaps_sexo_edad,2026-10-01,data/bronze/kosis/2026-10-01/eaps_nacional_sexo_edad_2000_2025.csv,data/bronze/kosis/2026-10-01/eaps_sexo_edad.parquet,f5f97a6941b1b0751de647aa1604eebb71bbdc02e11c7f36d794e6b4acac8005,30,234,maestra,DT_1DA7012S,https://kosis.kr/statHtml/statHtml.do?orgId=101&tblId=DT_1DA7012S&language=en,True
KOSIS,eaps_sido,2026-10-01,data/bronze/kosis/2026-10-01/eaps_sido_anual_2000_2025.csv,data/bronze/kosis/2026-10-01/eaps_sido.parquet,812b64f0cd4aeb912ee482929845644dccc2241c7f1614efe4425c06067c1a25,19,352,maestra,DT_1DA7004S,https://kosis.kr/statHtml/statHtml.do?orgId=101&tblId=DT_1DA7004S&language=en,True
KOSIS,nacimientos_sexo,2026-10-03,data/bronze/kosis/2026-10-03/Live_Births_and_Deaths_by_administrative_districts_20261003100249.xlsx,data/bronze/kosis/2026-10-03/nacimientos_sexo.parquet,1f334f84a669a1124cffd6ccecf4e330a71e86eb52d92326e25037c0b044307e,54,112,complementaria,DT_1B8000K,https://kosis.kr/statHtml/statHtml.do?orgId=101&tblId=DT_1B8000K&language=en,True
KOSIS,poblacion_nacional,2026-10-01,data/bronze/kosis/2026-10-01/poblacion_nacional_edad_sexo_2000_2072_medio.csv,data/bronze/kosis/2026-10-01/poblacion_nacional.parquet,5a3ab55adea17c3d9709be56194762530029effa6c3ec845cb1253be0e13a4b4,69,76,maestra,DT_1BPA001,https://kosis.kr/statHtml/statHtml.do?orgId=101&tblId=DT_1BPA001&language=en,True
KOSIS,poblacion_sido,2026-10-01,data/bronze/kosis/2026-10-01/poblacion_sido_edad_sexo_2000_2052_medio.csv,data/bronze/kosis/2026-10-01/poblacion_sido.parquet,83a287f65903bdbe1e08b869bd1b59be33b6e332fff32fb496c5a5d1ea7afe0c,1242,60,maestra,DT_1BPB001,https://kosis.kr/statHtml/statHtml.do?orgId=101&tblId=DT_1BPB001&language=en,True
KOSIS,proyeccion_escenarios,2026-10-01,data/bronze/kosis/2026-10-01/proyeccion_nacional_edad_sexo_por_escenario_2022_2072.csv,data/bronze/kosis/2026-10-01/proyeccion_escenarios.parquet,be3385b69399a62a06bde1416c54bde19558f2ec86b6b1f359dea62e59b4fa61,1848,57,maestra,,https://kosis.kr/eng/,True
KOSIS,proyeccion_resumen,2026-09-23,data/bronze/kosis/2026-09-23/proyeccion_nacional_resumen_medio.csv,data/bronze/kosis/2026-09-23/proyeccion_resumen.parquet,5910487c68262be3def0e169f32dab4122427c3383f7f7df0f0939503dddfcaf,21,53,contraste,DT_1BPA002,https://kosis.kr/statHtml/statHtml.do?orgId=101&tblId=DT_1BPA002&language=en,True
KOSIS,tfr_sido,2026-10-01,data/bronze/kosis/2026-10-01/tfr_sido_2000_2025.csv,data/bronze/kosis/2026-10-01/tfr_sido.parquet,aec2bce67b72d2378051f4ce3b0756eecc586a3721d47ce2b13ce748ed73049b,18,209,maestra,DT_1B81A17,https://kosis.kr/statHtml/statHtml.do?orgId=101&tblId=DT_1B81A17&language=en,True
KOSIS,vitales_nacional,2026-10-02,data/bronze/kosis/2026-10-02/Vital_Statistics_of_Korea_20261002100432.xlsx,data/bronze/kosis/2026-10-02/vitales_nacional.parquet,7db493a6115822f1b44f6996fd9ea33c80a530a6722a2886d9b5909a56dbcc42,16,57,maestra,DT_1B8000F,https://kosis.kr/statHtml/statHtml.do?orgId=101&tblId=DT_1B8000F&language=en,True
KOSIS,vitales_nacional_repo,2026-10-01,data/bronze/kosis/2026-10-01/estadisticas_vitales_nacional_2000_2025.csv,data/bronze/kosis/2026-10-01/vitales_nacional_repo.parquet,868493af0cd71513295e693639a37be0ed3ea31a0c24920dfb2f3a510f399f33,16,27,contraste,DT_1B8000F,https://kosis.kr/statHtml/statHtml.do?orgId=101&tblId=DT_1B8000F&language=en,True
KOSIS,vitales_sido,2026-10-02,data/bronze/kosis/2026-10-02/Vital_statistics_for_Provinces__Number_and_Rate__20261002101214.xlsx,data/bronze/kosis/2026-10-02/vitales_sido.parquet,8b9281f3c3c2c9ec0cebda351aa9dc1a339fd4878bc8ee852eba5a22a1c693f3,19,350,maestra,DT_1B8000H,https://kosis.kr/statHtml/statHtml.do?orgId=101&tblId=DT_1B8000H&language=en,True
KOSIS,vitales_sido_mensual,2026-10-01,data/bronze/kosis/2026-10-01/estadisticas_vitales_sido_2000_2025.csv,data/bronze/kosis/2026-10-01/vitales_sido_mensual.parquet,6f0f5d10cb72824a3f807c2e8a1ba808a3422722a6ded1ee164dd4a5a56d3388,19,424,contraste,DT_1B8000G,https://kosis.kr/statHtml/statHtml.do?orgId=101&tblId=DT_1B8000G&language=en,True
KOSIS,vitales_sigungu,2026-10-03,data/bronze/kosis/2026-10-03/Vital_statistics_for_city__county__and_district__Number_and_Rate__20261003094229.xlsx,data/bronze/kosis/2026-10-03/vitales_sigungu.parquet,1df5e0bb935d352f6cec3eb36c02dcf30322713ab7432e66c517b17d044bc487,19,261,contraste,DT_1B8000I,https://kosis.kr/statHtml/statHtml.do?orgId=101&tblId=DT_1B8000I&language=en,True
OECD,fecundidad,2026-10-05,data/bronze/oecd/2026-10-05/fecundidad.csv,data/bronze/oecd/2026-10-05/fecundidad.parquet,acf0f55bb6f831ecb84964f97777969447e077b5946b676fad11a82b91366c7b,1381,32,contraste,,"https://sdmx.oecd.org/public/rest/data/OECD.CFE.EDS,DSD_REG_DEMO@DF_FERTILITY,2.4/A.CTRY.KOR+JPN+USA+DEU+ITA+ESP+FRA..FERT_RATIO+LIVE_BIRTHS...",True
OECD,fuerza_laboral,2026-10-05,data/bronze/oecd/2026-10-05/fuerza_laboral.csv,data/bronze/oecd/2026-10-05/fuerza_laboral.parquet,016370cc47b1ea1b5722b3d4798ac57d2829ca675d7d2cdc51b8657b4345e65b,4282,34,contraste,,"https://sdmx.oecd.org/public/rest/data/OECD.SDD.TPS,DSD_ALFS@DF_SUMTAB,1.0/KOR+JPN+USA+DEU+ITA+ESP+FRA.LF+EMP+UNE_LF.......A",True
OECD,productividad,2026-10-05,data/bronze/oecd/2026-10-05/productividad.csv,data/bronze/oecd/2026-10-05/productividad.parquet,29dd26f8bc76c6f8fd8300d4db1fa26cf1f2a41b00fbfe923855146e341392fd,208,34,maestra,,"https://sdmx.oecd.org/public/rest/data/OECD.SDD.TPS,DSD_PDB@DF_PDB,2.0/KOR+JPN+USA+DEU+ITA+ESP+FRA.A.GDPHRS._T.USD_PPP_H.LR...",True
WB,SL.GDP.PCAP.EM.KD,2026-10-05,data/bronze/worldbank/2026-10-05/SL.GDP.PCAP.EM.KD.json,data/bronze/worldbank/2026-10-05/SL.GDP.PCAP.EM.KD.parquet,9394ace42ad548ba88e304b1fde4f50d1ef87c078fbd7465cafb5b61b6879e7f,234,8,comparacion,,https://api.worldbank.org/v2/country/KOR;JPN;USA;DEU;ITA;ESP;FRA;CHN;OED/indicator/SL.GDP.PCAP.EM.KD,True
WB,SL.TLF.CACT.ZS,2026-10-05,data/bronze/worldbank/2026-10-05/SL.TLF.CACT.ZS.json,data/bronze/worldbank/2026-10-05/SL.TLF.CACT.ZS.parquet,10cdb67fc1253595e3022c5992b4017d8715f99948f628bb1c562036401ad968,234,8,comparacion,,https://api.worldbank.org/v2/country/KOR;JPN;USA;DEU;ITA;ESP;FRA;CHN;OED/indicator/SL.TLF.CACT.ZS,True
WB,SP.DYN.LE00.IN,2026-10-05,data/bronze/worldbank/2026-10-05/SP.DYN.LE00.IN.json,data/bronze/worldbank/2026-10-05/SP.DYN.LE00.IN.parquet,30c134f96b4cbf9c0fd5a8adde3ede6430061321178af90e64022a8f15732b9b,234,8,contraste_y_comparacion,,https://api.worldbank.org/v2/country/KOR;JPN;USA;DEU;ITA;ESP;FRA;CHN;OED/indicator/SP.DYN.LE00.IN,True
WB,SP.DYN.TFRT.IN,2026-10-05,data/bronze/worldbank/2026-10-05/SP.DYN.TFRT.IN.json,data/bronze/worldbank/2026-10-05/SP.DYN.TFRT.IN.parquet,c68edfcfda97bb38c7af06c5ffc471725e6cd8ee7958c3c21197d753557232a5,234,8,contraste_y_comparacion,,https://api.worldbank.org/v2/country/KOR;JPN;USA;DEU;ITA;ESP;FRA;CHN;OED/indicator/SP.DYN.TFRT.IN,True
WB,SP.POP.0014.TO,2026-10-05,data/bronze/worldbank/2026-10-05/SP.POP.0014.TO.json,data/bronze/worldbank/2026-10-05/SP.POP.0014.TO.parquet,336adddcce46678f4bab49563f835e60cccc0b53da09bf2947c29cbca05e18c2,234,8,contraste_y_comparacion,,https://api.worldbank.org/v2/country/KOR;JPN;USA;DEU;ITA;ESP;FRA;CHN;OED/indicator/SP.POP.0014.TO,True
WB,SP.POP.1564.TO,2026-10-05,data/bronze/worldbank/2026-10-05/SP.POP.1564.TO.json,data/bronze/worldbank/2026-10-05/SP.POP.1564.TO.parquet,686374fdd84674ad84bcb9b1465a11d919b587043cdbfd5068dc6c91e00b42ab,234,8,contraste_y_comparacion,,https://api.worldbank.org/v2/country/KOR;JPN;USA;DEU;ITA;ESP;FRA;CHN;OED/indicator/SP.POP.1564.TO,True
WB,SP.POP.65UP.TO,2026-10-05,data/bronze/worldbank/2026-10-05/SP.POP.65UP.TO.json,data/bronze/worldbank/2026-10-05/SP.POP.65UP.TO.parquet,34b8874f486106306534f124dbd673a07a542eb0693626ce9a336e3a8cded55b,234,8,contraste_y_comparacion,,https://api.worldbank.org/v2/country/KOR;JPN;USA;DEU;ITA;ESP;FRA;CHN;OED/indicator/SP.POP.65UP.TO,True
WB,SP.POP.65UP.TO.ZS,2026-10-05,data/bronze/worldbank/2026-10-05/SP.POP.65UP.TO.ZS.json,data/bronze/worldbank/2026-10-05/SP.POP.65UP.TO.ZS.parquet,7b805acea5fbd4d82ae96252818e07838063da51fbcb75bd64d2de9560d516fa,234,8,contraste_y_comparacion,,https://api.worldbank.org/v2/country/KOR;JPN;USA;DEU;ITA;ESP;FRA;CHN;OED/indicator/SP.POP.65UP.TO.ZS,True
WB,SP.POP.DPND.OL,2026-10-05,data/bronze/worldbank/2026-10-05/SP.POP.DPND.OL.json,data/bronze/worldbank/2026-10-05/SP.POP.DPND.OL.parquet,beab7df6a0611d602279bdca0f2bfb40e98305c10f4f79553c3aa2854ccbc197,234,8,contraste_y_comparacion,,https://api.worldbank.org/v2/country/KOR;JPN;USA;DEU;ITA;ESP;FRA;CHN;OED/indicator/SP.POP.DPND.OL,True
WB,SP.POP.TOTL,2026-10-05,data/bronze/worldbank/2026-10-05/SP.POP.TOTL.json,data/bronze/worldbank/2026-10-05/SP.POP.TOTL.parquet,7b665ab81f9a28d995773e954301cc4d80d076a3edd45e6f91ab93dfa3186e38,234,8,contraste_y_comparacion,,https://api.worldbank.org/v2/country/KOR;JPN;USA;DEU;ITA;ESP;FRA;CHN;OED/indicator/SP.POP.TOTL,True
