cod_indicador,nombre,categoria,definicion,formula,unidad,frecuencia_original,fuente_maestra,fuente_contraste,es_derivado,aditivo,rango_min,rango_max,decimales
NACIMIENTOS,Nacimientos,Natalidad,Nacidos vivos registrados en el año,dato publicado,personas,anual,KOSIS DT_1B8000F (nacional) / DT_1B8000I (si-do),KOSIS DT_1B8000H; OECD; WB,false,true,0,50000000,0
TFR,Tasa global de fecundidad,Natalidad,Número medio de hijos por mujer al final de su vida reproductiva,dato publicado,hijos por mujer,anual,KOSIS DT_1B8000F (nacional) / DT_1B81A17 (si-do),KOSIS DT_1B8000H; OECD; WB,false,false,0,8,3
TASA_FEC_EDAD,Tasa específica de fecundidad por edad,Natalidad,Nacimientos por cada 1.000 mujeres del grupo de edad de la madre,dato publicado,por 1.000 mujeres,anual,KOSIS DT_1B81A17,,false,false,0,400,1
TASA_BRUTA_NATALIDAD,Tasa bruta de natalidad,Natalidad,Nacimientos por cada 1.000 habitantes,dato publicado,por 1.000 hab.,anual,KOSIS DT_1B8000F / DT_1B8000I,,false,false,0,60,1
RAZON_SEXO_NACER,Razón de sexo al nacer,Natalidad,Nacimientos de niños por cada 100 niñas,dato publicado,niños por 100 niñas,anual,KOSIS DT_1B8000F,,false,false,90,130,1
BRECHA_REEMPLAZO,Brecha frente al nivel de reemplazo,Natalidad,Distancia de la TFR al nivel de reemplazo generacional (2.1),2.1 - TFR,hijos por mujer,anual,Pipeline,,true,false,-6,2.1,3
DEFUNCIONES,Defunciones,Mortalidad,Defunciones registradas en el año,dato publicado,personas,anual,KOSIS DT_1B8000F / DT_1B8000I,KOSIS DT_1B8000H,false,true,0,50000000,0
TASA_BRUTA_MORTALIDAD,Tasa bruta de mortalidad,Mortalidad,Defunciones por cada 1.000 habitantes,dato publicado,por 1.000 hab.,anual,KOSIS DT_1B8000F / DT_1B8000I,,false,false,0,40,1
MORTALIDAD_INFANTIL,Tasa de mortalidad infantil,Mortalidad,Defunciones de menores de 1 año por cada 1.000 nacidos vivos,dato publicado,por 1.000 nacidos vivos,anual,KOSIS DT_1B8000F,,false,false,0,100,1
ESPERANZA_VIDA,Esperanza de vida al nacer,Mortalidad,Años que se espera viva un recién nacido con la mortalidad del año,dato publicado,años,anual,KOSIS DT_1B8000F,WB SP.DYN.LE00.IN,false,false,40,100,1
CRECIMIENTO_NATURAL,Crecimiento natural,Mortalidad,Nacimientos menos defunciones,dato publicado (= NACIMIENTOS - DEFUNCIONES),personas,anual,KOSIS DT_1B8000F / DT_1B8000I,,false,true,-2000000,2000000,0
TASA_CRECIMIENTO_NATURAL,Tasa de crecimiento natural,Mortalidad,Crecimiento natural por cada 1.000 habitantes,dato publicado,por 1.000 hab.,anual,KOSIS DT_1B8000F / DT_1B8000I,,false,false,-40,60,1
MATRIMONIOS,Matrimonios,Nupcialidad,Matrimonios registrados,dato publicado,casos,anual,KOSIS DT_1B8000F / DT_1B8000I,,false,true,0,1000000,0
TASA_NUPCIALIDAD,Tasa bruta de nupcialidad,Nupcialidad,Matrimonios por cada 1.000 habitantes,dato publicado,por 1.000 hab.,anual,KOSIS DT_1B8000F / DT_1B8000I,,false,false,0,20,1
DIVORCIOS,Divorcios,Nupcialidad,Divorcios registrados,dato publicado,casos,anual,KOSIS DT_1B8000F / DT_1B8000I,,false,true,0,1000000,0
TASA_DIVORCIALIDAD,Tasa bruta de divorcialidad,Nupcialidad,Divorcios por cada 1.000 habitantes,dato publicado,por 1.000 hab.,anual,KOSIS DT_1B8000F / DT_1B8000I,,false,false,0,10,1
POBLACION,Población,Estructura,Población a mitad de año por sexo y grupo de edad (estimada hasta 2022; proyección KOSTAT desde 2023),dato publicado,personas,anual,KOSIS DT_1BPA001 (nacional) / DT_1BPB001 (si-do),WB SP.POP.*; KOSIS DT_1IN1502; KOSIS DT_1BPA002,false,true,0,2000000000,0
PROP_0_14,Proporción de 0-14 años,Estructura,Población 0-14 / población total × 100,P(0-14) / P(total) × 100,%,anual,Pipeline,,true,false,0,100,2
PROP_15_64,Proporción en edad de trabajar,Estructura,Población 15-64 / población total × 100,P(15-64) / P(total) × 100,%,anual,Pipeline,KOSIS DT_1BPA002,true,false,0,100,2
PROP_65MAS,Proporción de 65 y más,Envejecimiento,Población 65+ / población total × 100,P(65+) / P(total) × 100,%,anual,Pipeline,WB SP.POP.65UP.TO.ZS; KOSIS DT_1BPA002,true,false,0,100,2
PROP_80MAS,Proporción de 80 y más,Envejecimiento,Población 80+ / población total × 100,P(80-84 + 85+) / P(total) × 100,%,anual,Pipeline,,true,false,0,100,2
DEP_JUVENIL,Tasa de dependencia juvenil,Envejecimiento,Población 0-14 por cada 100 personas de 15-64,P(0-14) / P(15-64) × 100,por 100 en edad de trabajar,anual,Pipeline,KOSIS DT_1BPA002,true,false,0,200,2
DEP_VEJEZ,Tasa de dependencia de vejez,Envejecimiento,Población 65+ por cada 100 personas de 15-64,P(65+) / P(15-64) × 100,por 100 en edad de trabajar,anual,Pipeline,WB SP.POP.DPND.OL; KOSIS DT_1BPA002,true,false,0,300,2
DEP_TOTAL,Tasa de dependencia total,Envejecimiento,Población 0-14 y 65+ por cada 100 personas de 15-64,(P(0-14) + P(65+)) / P(15-64) × 100,por 100 en edad de trabajar,anual,Pipeline,KOSIS DT_1BPA002,true,false,0,400,2
IND_ENVEJECIMIENTO,Índice de envejecimiento,Envejecimiento,Personas de 65+ por cada 100 menores de 15 años,P(65+) / P(0-14) × 100,por 100 menores de 15,anual,Pipeline,KOSIS DT_1BPA002,true,false,0,3000,2
RATIO_SOPORTE,Razón de soporte potencial,Envejecimiento,Personas de 15-64 por cada persona de 65+,P(15-64) / P(65+),personas por adulto mayor,anual,Pipeline,,true,false,0,50,2
IND_REEMPLAZO_LABORAL,Índice de reemplazo de la fuerza laboral,Laboral,Personas que están por entrar a la edad laboral (15-24) por cada 100 que están por salir (55-64),P(15-24) / P(55-64) × 100,por 100,anual,Pipeline,,true,false,0,500,2
EDAD_MEDIANA,Edad mediana,Envejecimiento,Edad que divide la población en dos mitades,dato publicado,años,anual,KOSIS DT_1BPA002,,false,false,0,80,1
POB_CENSO_TOTAL,Población censada (registros),Estructura,Población residente total del censo de registros (incluye extranjeros; referencia 1 de noviembre),dato publicado,personas,anual (desde 2015),KOSIS DT_1IN1502,,false,true,0,100000000,0
POB_EXTRANJERA,Población extranjera residente,Migración,Extranjeros residentes según el censo de registros,dato publicado,personas,anual (desde 2015),KOSIS DT_1IN1502,,false,true,0,10000000,0
PROP_EXTRANJEROS,Proporción de extranjeros,Migración,Población extranjera / población censada × 100,POB_EXTRANJERA / POB_CENSO_TOTAL × 100,%,anual,Pipeline,,true,false,0,100,2
HOGARES,Hogares,Estructura,Hogares totales del censo de registros,dato publicado,hogares,anual (desde 2015),KOSIS DT_1IN1502,,false,true,0,100000000,0
POB_CENSO_HIST,Población censada (histórica),Estructura,Población de los censos quinquenales (excluye extranjeros),dato publicado,personas,quinquenal,KOSIS DT_1IN0001,,false,true,0,100000000,0
POB_15MAS,Población de 15 años y más (EAPS),Laboral,Población civil no institucional de 15+ (promedio anual de la EAPS),dato publicado × 1.000,personas,anual (promedio de meses),KOSIS DT_1DA7004S / DT_1DA7012S,,false,true,0,2000000000,0
POB_ACTIVA,Población económicamente activa,Laboral,Ocupados + desocupados de 15+ (promedio anual de la EAPS),dato publicado × 1.000,personas,anual (promedio de meses),KOSIS DT_1DA7004S / DT_1DA7012S,OECD DF_SUMTAB,false,true,0,1000000000,0
OCUPADOS,Ocupados,Laboral,Personas ocupadas de 15+ (promedio anual de la EAPS),dato publicado × 1.000,personas,anual (promedio de meses),KOSIS DT_1DA7004S / DT_1DA7012S,OECD DF_SUMTAB,false,true,0,1000000000,0
DESOCUPADOS,Desocupados,Laboral,Personas desocupadas de 15+ (promedio anual de la EAPS),dato publicado × 1.000,personas,anual (promedio de meses),KOSIS DT_1DA7004S / DT_1DA7012S,,false,true,0,1000000000,0
INACTIVOS,Población económicamente inactiva,Laboral,Población de 15+ fuera de la fuerza laboral,dato publicado × 1.000,personas,anual (promedio de meses),KOSIS DT_1DA7004S / DT_1DA7012S,,false,true,0,1000000000,0
TASA_PARTICIPACION,Tasa de participación laboral,Laboral,Población activa / población de 15+ × 100,dato publicado (verificado con niveles),%,anual,KOSIS DT_1DA7004S / DT_1DA7012S,WB SL.TLF.CACT.ZS (modelado OIT),false,false,0,100,1
TASA_DESEMPLEO,Tasa de desempleo,Laboral,Desocupados / población activa × 100,dato publicado (verificado con niveles),%,anual,KOSIS DT_1DA7004S / DT_1DA7012S,OECD DF_SUMTAB,false,false,0,100,1
TASA_EMPLEO,Tasa de ocupación,Laboral,Ocupados / población de 15+ × 100,dato publicado,%,anual,KOSIS DT_1DA7004S / DT_1DA7012S,,false,false,0,100,1
TASA_EMPLEO_15_64,Tasa de ocupación 15-64,Laboral,Ocupados de 15-64 / población de 15-64 × 100,dato publicado,%,anual,KOSIS DT_1DA7004S,,false,false,0,100,1
FUERZA_LABORAL_POTENCIAL,Fuerza laboral potencial (escenario),Laboral,Población proyectada KOSTAT × tasa de participación supuesta (escenario propio; no es pronóstico),Σ P_proy(s;edad) × TP(s;edad;supuesto),personas,anual,Pipeline (escenario propio),EAPS 2025 (calibración),true,true,0,100000000,0
PIB_HORA,PIB por hora trabajada,Productividad,PIB por hora trabajada en USD PPA a precios constantes,dato publicado,USD PPA constantes,anual,OECD DF_PDB,WB SL.GDP.PCAP.EM.KD (por ocupado),false,false,0,200,1
PIB_POR_OCUPADO,PIB por ocupado,Productividad,PIB por persona ocupada en USD PPA constantes 2021,dato publicado,USD PPA 2021,anual,World Bank WDI,,false,false,0,300000,0
