anio,cod_territorio,CRECIMIENTO_NATURAL,DEFUNCIONES,DEP_JUVENIL,DEP_TOTAL,DEP_VEJEZ,ESPERANZA_VIDA,IND_ENVEJECIMIENTO,IND_REEMPLAZO_LABORAL,MATRIMONIOS,MORTALIDAD_INFANTIL,NACIMIENTOS,OCUPADOS,POB_15MAS,POB_ACTIVA,POB_EXTRANJERA,PROP_0_14,PROP_15_64,PROP_65MAS,PROP_80MAS,PROP_EXTRANJEROS,RATIO_SOPORTE,TASA_BRUTA_NATALIDAD,TASA_DESEMPLEO,TASA_EMPLEO,TASA_PARTICIPACION,TFR,POB_0_14,POB_15_64,POB_65MAS,POB_TOTAL,tipo_dato_poblacion,FLP_A,FLP_B,FLP_C,PIB_HORA,periodo
1970,00,748056.0,258589.0,,,,62.3,,,295137.0,,1006645.0,,,,,,,,,,,31.2,,,,4.53,,,,,estimado,,,,,Histórico
1971,00,787245.0,237528.0,,,,62.7,,,239457.0,,1024773.0,,,,,,,,,,,31.2,,,,4.54,,,,,estimado,,,,,Histórico
1972,00,742709.0,210071.0,,,,63.1,,,244780.0,,952780.0,,,,,,,,,,,28.4,,,,4.12,,,,,estimado,,,,,Histórico
1973,00,698061.0,267460.0,,,,63.5,,,259112.0,,965521.0,,,,,,,,,,,28.3,,,,4.07,,,,,estimado,,,,,Histórico
1974,00,674016.0,248807.0,,,,63.9,,,259604.0,,922823.0,,,,,,,,,,,26.6,,,,3.77,,,,,estimado,,,,,Histórico
1975,00,603373.0,270657.0,,,,64.2,,,283226.0,,874030.0,,,,,,,,,,,24.8,,,,3.43,,,,,estimado,,,,,Histórico
1976,00,529474.0,266857.0,,,,64.6,,,285910.0,,796331.0,,,,,,,,,,,22.2,,,,3.0,,,,,estimado,,,,,Histórico
1977,00,576085.0,249254.0,,,,65.0,,,303156.0,,825339.0,,,,,,,,,,,22.7,,,,2.99,,,,,estimado,,,,,Histórico
1978,00,498430.0,252298.0,,,,65.3,,,343013.0,,750728.0,,,,,,,,,,,20.3,,,,2.64,,,,,estimado,,,,,Histórico
1979,00,622683.0,239986.0,,,,65.6,,,353824.0,,862669.0,,,,,,,,,,,23.0,,,,2.9,,,,,estimado,,,,,Histórico
1980,00,585551.0,277284.0,,,,66.1,,,403031.0,,862835.0,,,,,,,,,,,22.6,,,,2.82,,,,,estimado,,,,,Histórico
1981,00,629928.0,237481.0,,,,66.7,,,406795.0,,867409.0,,,,,,,,,,,22.4,,,,2.57,,,,,estimado,,,,,Histórico
1982,00,602545.0,245767.0,,,,67.2,,,387468.0,,848312.0,,,,,,,,,,,21.6,,,,2.39,,,,,estimado,,,,,Histórico
1983,00,514592.0,254563.0,,,,67.7,,,412984.0,,769155.0,,,,,,,,,,,19.3,,,,2.06,,,,,estimado,,,,,Histórico
1984,00,438348.0,236445.0,,,,68.3,,,385188.0,,674793.0,,,,,,,,,,,16.7,,,,1.74,,,,,estimado,,,,,Histórico
1985,00,415071.0,240418.0,,,,68.9,,,384686.0,,655489.0,,,,,,,,,,,16.1,,,,1.66,,,,,estimado,,,,,Histórico
1986,00,396763.0,239256.0,,,,69.5,,,390229.0,,636019.0,,,,,,,,,,,15.4,,,,1.58,,,,,estimado,,,,,Histórico
1987,00,380327.0,243504.0,,,,70.1,,,390276.0,,623831.0,,,,,,,,,,,15.0,,,,1.53,,,,,estimado,,,,,Histórico
1988,00,397313.0,235779.0,,,,70.7,,,410129.0,,633092.0,,,,,,,,,,,15.1,,,,1.55,,,,,estimado,,,,,Histórico
1989,00,402613.0,236818.0,,,,71.2,,,410708.0,,639431.0,,,,,,,,,,,15.1,,,,1.56,,,,,estimado,,,,,Histórico
1990,00,408122.0,241616.0,,,,71.7,,,399312.0,,649738.0,,,,,,,,,,,15.2,,,,1.57,,,,,estimado,,,,,Histórico
1991,00,467005.0,242270.0,,,,72.2,,,416872.0,,709275.0,,,,,,,,,,,16.4,,,,1.71,,,,,estimado,,,,,Histórico
1992,00,494516.0,236162.0,,,,72.6,,,419774.0,,730678.0,,,,,,,,,,,16.7,,,,1.76,,,,,estimado,,,,,Histórico
1993,00,481569.0,234257.0,,,,73.1,,,402593.0,,715826.0,,,,,,,,,,,16.0,,,,1.654,,,,,estimado,,,,,Histórico
1994,00,478746.0,242439.0,,,,73.5,,,393121.0,,721185.0,,,,,,,,,,,16.0,,,,1.656,,,,,estimado,,,,,Histórico
1995,00,472182.0,242838.0,,,,73.8,,,398484.0,,715020.0,,,,,,,,,,,15.7,,,,1.634,,,,,estimado,,,,,Histórico
1996,00,450077.0,241149.0,,,,74.2,,,434911.0,,691226.0,,,,,,,,,,,15.0,,,,1.574,,,,,estimado,,,,,Histórico
1997,00,430701.0,244693.0,,,,74.7,,,388960.0,,675394.0,,,,,,,,,,,14.5,,,,1.537,,,,,estimado,,,,,Histórico
1998,00,395769.0,245825.0,,,,75.1,,,373500.0,,641594.0,,,,,,,,,,,13.7,,,,1.464,,,,,estimado,,,,,Histórico
1999,00,372934.0,247734.0,,,,75.5,,,360407.0,,620668.0,,,,,,,,,,,13.2,,,,1.425,,,,,estimado,,,,,Histórico
2000,00,391349.0,248740.0,29.408441983211315,39.48172371800285,10.073281734791534,76.0,34.25302755087184,201.30573344196137,332090.0,,640089.0,21173000.0,36192000.0,22151000.0,,21.084082702238344,71.69398064091536,7.221936656846305,1.028305519445357,,9.927251379718259,13.5,4.4,58.5,61.2,1.48,9911229.0,33701986.0,3394896.0,47008111.0,estimado,,,,19.522798554740376,Histórico
2001,00,316121.0,243813.0,29.023223906286034,39.54240794570632,10.519184039420285,76.5,36.24402331521128,195.11234624955932,318407.0,5.4,559934.0,21614000.0,36608000.0,22511000.0,,20.798855583442776,71.6628023495971,7.538342066960123,1.0893544721525559,,9.506440768148309,11.7,4.0,59.0,61.5,1.309,9852452.0,33946787.0,3570925.0,47370164.0,estimado,,,,20.55179125797526,Histórico
2002,00,249387.0,247524.0,28.494281277511174,39.49383118819451,10.999549910683342,76.8,38.60265785810372,187.10056219349232,304877.0,5.1,496911.0,22232000.0,37014000.0,22982000.0,,20.42691138009454,71.68775790886951,7.885330711035947,1.1568350383975263,,9.091281080771743,10.3,3.3,60.1,62.1,1.178,9732348.0,34155443.0,3756945.0,47644736.0,estimado,,,,22.45786092798952,Histórico
2003,00,248573.0,246463.0,27.88939918923543,39.35330294033094,11.46390375109551,77.3,41.10487885848854,179.0515198261182,302503.0,5.1,495036.0,22222000.0,37410000.0,23043000.0,,20.013446829586282,71.76005009570426,8.226503074709457,1.2264197628304991,,8.723032064050942,10.2,3.6,59.4,61.6,1.191,9584906.0,34367560.0,3939864.0,47892330.0,estimado,,,,23.530362393489817,Histórico
2004,00,230738.0,246220.0,27.31763551757571,39.28200181781298,11.964366300237273,77.8,43.79722502900955,170.8454419306184,308598.0,4.7,476958.0,22682000.0,37772000.0,23544000.0,,19.613184159507117,71.79678543879949,8.590030401693388,1.3025211927852616,,8.358152658533768,9.8,3.7,60.0,62.3,1.164,9430513.0,34521703.0,4130303.0,48082519.0,estimado,,,,25.08119756422927,Histórico
2005,00,192833.0,245874.0,26.62564418068392,39.09886267853878,12.473218497854853,78.2,46.84663557137064,162.31545317165214,314304.0,4.2,438707.0,22831000.0,38120000.0,23718000.0,,19.14152543591712,71.89131390031758,8.96716066376531,1.3790392320892992,,8.017176963363386,9.0,3.7,59.9,62.2,1.085,9223260.0,34640514.0,4320787.0,48184561.0,estimado,,,,26.63075665154755,Histórico
2006,00,207597.0,244162.0,25.705242906735492,38.660980640796055,12.95573773406056,78.8,50.4011488281474,155.69538421154044,330634.0,3.8,451759.0,23188000.0,38632000.0,24024000.0,,18.538194947088556,72.11834182757724,9.343463225334204,1.4546363443203159,,7.718587860658878,9.2,3.5,60.0,62.2,1.132,8979585.0,34932893.0,4525814.0,48438292.0,estimado,,,,28.087280109581677,Histórico
2007,00,250340.0,246482.0,24.750734054028875,38.27208595177653,13.521351897747651,79.2,54.63010457884449,149.02361973064527,343559.0,3.4,496822.0,23561000.0,39180000.0,24351000.0,,17.90002217993651,72.3211769835278,9.778800836535675,1.5382786306972376,,7.395710189057184,10.1,3.2,60.1,62.2,1.259,8714382.0,35208580.0,4760676.0,48683638.0,estimado,,,,30.24379065496917,Histórico
2008,00,219779.0,246113.0,23.82542274288747,37.84332514417436,14.017902401286886,79.6,58.83590210575218,143.25963466655338,327715.0,3.4,465892.0,23775000.0,39775000.0,24551000.0,,17.284422526783768,72.54613155581315,10.169445917403076,1.6263800816019536,,7.133734929615411,9.4,3.2,59.8,61.7,1.192,8478823.0,35587293.0,4988592.0,49054708.0,estimado,,,,32.373823692215254,Histórico
2009,00,197907.0,246942.0,22.921665097334568,37.34128356371017,14.419618466375603,80.0,62.908250361150166,137.9185729155256,309759.0,3.2,444849.0,23688000.0,40301000.0,24582000.0,,16.689566678399082,72.81131893136254,10.499114390238388,1.7440088375407274,,6.934996250641795,9.0,3.6,58.8,61.0,1.149,8229264.0,35901685.0,5176886.0,49307835.0,estimado,,,,33.379682821164266,Histórico
2010,00,214766.0,255405.0,22.03743567405766,36.85743516368117,14.819999489623504,80.2,67.24920135362899,130.59014525719502,326104.0,3.2,470171.0,24033000.0,40825000.0,24956000.0,,16.10247601652109,73.06873746420882,10.828786519270087,1.8618555812280522,,6.747638558963301,9.4,3.7,58.9,61.1,1.226,7979439.0,36208564.0,5366109.0,49554112.0,estimado,,,,35.9430978311172,Histórico
2011,00,213869.0,257396.0,21.204529910082673,36.25276770130335,15.048237791220675,80.6,70.96708983897491,123.76942801284972,329087.0,3.0,471265.0,24527000.0,41387000.0,25389000.0,,15.562641601943646,73.39300455108732,11.044353846969033,1.9634862082625586,,6.645296372066981,9.4,3.4,59.3,61.3,1.244,7771460.0,36649999.0,5515179.0,49936638.0,estimado,,,,37.74355848110639,Histórico
2012,00,217329.0,267221.0,20.559075857963883,36.20577040420646,15.646694546242578,80.9,76.10602078780494,119.30335074876386,327073.0,2.9,484550.0,24955000.0,41857000.0,25781000.0,,15.094129857312529,73.41832853574293,11.487541606944546,2.0928089171894584,,6.391126234647059,9.6,3.2,59.6,61.6,1.297,7577231.0,36855893.0,5766729.0,50199853.0,estimado,,,,38.34598043038958,Histórico
2013,00,170198.0,266257.0,19.971463768152358,36.2427651355783,16.27130136742595,81.4,81.4727531057243,114.28764136493956,322807.0,3.0,436455.0,25299000.0,42304000.0,26108000.0,,14.658733436801796,73.39839286180643,11.942873701391779,2.2313160830240713,,6.14578992435069,8.6,3.1,59.8,61.7,1.187,7392237.0,37013997.0,6022659.0,50428893.0,estimado,,,,39.3284567340569,Histórico
2014,00,167743.0,267692.0,19.362583154748357,36.211286606341446,16.848703451593092,81.8,87.01681649052712,108.12304083963478,305507.0,3.0,435435.0,25897000.0,42795000.0,26836000.0,,14.21510921536726,73.41535528476861,12.369535499864138,2.382909582284028,,5.935174791775727,8.6,3.5,60.5,62.7,1.205,7213693.0,37255840.0,6277126.0,50746659.0,estimado,,,,40.22897536368683,Histórico
2015,00,162525.0,275895.0,18.774443236355534,36.24369376520008,17.46925052884454,82.1,93.04803508109595,101.49491005942986,302828.0,2.7,438420.0,26178000.0,43239000.0,27153000.0,,13.780045679553485,73.39789258234455,12.822061738101972,2.5590343159623394,,5.724344031524645,8.6,3.6,60.5,62.8,1.239,7029883.0,37443896.0,6541168.0,51014947.0,estimado,,,,40.82243320070815,Histórico
2016,00,125416.0,280827.0,18.258682662698746,36.231485042473885,17.972802379775146,82.4,98.4342776080575,93.867467535537,281635.0,2.8,406243.0,26409000.0,43606000.0,27418000.0,1413758.0,13.402689295360833,73.40447031669828,13.192840387940889,2.768160516373574,2.7575000945005295,5.563962585630516,7.9,3.7,60.6,62.9,1.172,6864563.0,37596157.0,6757083.0,51217803.0,estimado,,,,42.03072439640671,Histórico
2017,00,72237.0,285534.0,17.897264761481342,36.70419877073004,18.806934009248696,82.7,105.08272777930377,88.04592911532264,264455.0,2.8,357771.0,26725000.0,43931000.0,27748000.0,1479247.0,13.091964198917754,73.1506427009696,13.75739310011265,2.975796597599338,2.8766528244140255,5.317187796310815,7.0,3.7,60.8,63.2,1.052,6724283.0,37571568.0,7066060.0,51361911.0,estimado,,,,44.024533172895936,Histórico
2018,00,28002.0,298820.0,17.528886344880764,37.107083395538886,19.57819705065812,82.7,111.69104908011367,81.74060258932701,257622.0,2.8,326822.0,26822000.0,44182000.0,27895000.0,1651561.0,12.784814548429896,72.93569195948176,14.27949349208835,3.169441042404178,3.1988700571099726,5.107722623347409,6.4,3.8,60.7,63.1,0.977,6595054.0,37623919.0,7366085.0,51585058.0,estimado,,,,45.84885092953972,Histórico
2019,00,7566.0,295110.0,17.136502561885976,37.570874557786446,20.43437199590047,83.3,119.24470540067742,77.30359234777447,239159.0,2.7,302676.0,27123000.0,44504000.0,28186000.0,1778918.0,12.456490239645758,72.68980467082451,14.85370508952972,3.4089386031309057,3.435583973743281,4.893715354700498,5.9,3.8,60.9,63.3,0.918,6448080.0,37627748.0,7688994.0,51764822.0,estimado,,,,47.00325357796071,Histórico
2020,00,-32611.0,304948.0,16.87031224525798,38.6792841510877,21.80897190582972,83.5,129.27426350368782,73.41011300218831,213502.0,2.5,272337.0,26904000.0,44785000.0,28012000.0,1695643.0,12.164983651688157,72.10882332724795,15.726193021063894,3.647687479795747,3.2716019036088118,4.585268871535809,5.3,4.0,60.1,62.5,0.837,6305870.0,37378502.0,8151867.0,51836239.0,estimado,,,,48.50871298442307,Histórico
2021,00,-57118.0,317680.0,16.594115520756027,39.723823161773964,23.129707641017934,83.6,139.38499832719103,68.7693215339233,192507.0,2.4,260562.0,27273000.0,45080000.0,28310000.0,1649967.0,11.876368070420716,71.56975649329233,16.553875436286962,3.89608452955318,3.1890771497839565,4.323444184943403,5.1,3.7,60.5,62.8,0.808,6148341.0,37051333.0,8569865.0,51769539.0,estimado,,,,49.98218558092898,Histórico
2022,00,-123753.0,372939.0,16.18781153833258,40.63061052042115,24.442798982088572,82.7,150.9950799971217,65.27553022426584,191690.0,2.3,249186.0,28089000.0,45260000.0,28922000.0,1752346.0,11.510873399772324,71.10827410187404,17.380852498353626,4.172383997397149,3.389957400208681,4.091184486411681,4.9,2.9,62.1,63.9,0.778,5947964.0,36743472.0,8981133.0,51672569.0,estimado,,,,50.115665319839216,Histórico
2023,00,-122483.0,352511.0,15.60019247739118,41.40115348622733,25.800961008836154,83.5,165.38873508277925,63.09003193197322,193657.0,2.5,230028.0,28416000.0,45407000.0,29203000.0,1935150.0,11.032577947753913,70.72078093743424,18.24664111481184,4.428044922652244,3.737649258020176,3.8758246239646894,4.5,2.7,62.6,64.3,0.721,5705235.0,36571568.0,9435816.0,51712619.0,proyeccion_oficial,29921450.506,29921450.506,29921450.506,51.07553647092985,Histórico
2024,00,-120252.0,358569.0,15.09939347743595,42.456662065479996,27.357268588044043,83.7,181.18124167653406,60.44177939125118,222412.0,2.4,238317.0,28576000.0,45570000.0,29399000.0,2042744.0,10.599289116079062,70.19678725452316,19.20392362939777,4.603847283142868,3.9430989889943637,3.655335680832663,4.7,2.8,62.7,64.5,0.748,5485245.0,36327585.0,9938235.0,51751065.0,proyeccion_oficial,30035713.772,30035713.772,30035713.772,52.00305418906071,Histórico
2025,00,-108627.0,362968.0,14.642565250335185,43.91927242757202,29.276707177236833,,199.94247371762032,58.32481557549997,240326.0,2.0,254341.0,28769000.0,45762000.0,29599000.0,2109057.0,10.174151802847751,69.48339740275259,20.342450794399657,4.793854892536193,4.070163633331666,3.4156846736422533,5.0,2.8,62.9,64.7,0.799,5258466.0,35912191.0,10513907.0,51684564.0,proyeccion_oficial,30046905.172000002,30046905.172000002,30046905.172000002,53.4437338114227,Histórico
2026,00,,,14.078763398880078,45.42756234287934,31.348798943999263,,222.66727592348744,57.00518043472172,,,,,,,,9.680945738254291,68.76275610274392,21.556298159001777,4.887118693612317,,3.1899148729314186,,,,,,4996251.0,35487854.0,11125016.0,51609121.0,proyeccion_oficial,30053076.38,30231197.373654522,30121664.373039998,,Proyección
2027,00,,,13.511237737832607,46.47268892235322,32.96145118452062,,243.95582273136807,55.961765444212084,,,,,,,,9.224407524187026,68.2721132080883,22.50347926772468,5.175834364017259,,3.0338470063163383,,,,,,4753757.0,35183727.0,11597067.0,51534551.0,proyeccion_oficial,30064411.381,30428058.16312722,30202780.230559997,,Proyección
2028,00,,,13.018109922040273,47.857323605374695,34.83921368333442,,267.6211361862139,55.649815406592815,,,,,,,,8.804508024766559,67.6327675637468,23.562724411486645,5.456497690423939,,2.870328845792397,,,,,,4530789.0,34803739.0,12125349.0,51459877.0,proyeccion_oficial,30076586.866,30633740.09928174,30285724.86334,,Proyección
2029,00,,,12.587916555443451,48.863020144404864,36.27510358896141,,288.17400742360974,54.37200337900039,,,,,,,,8.4560400180196,67.1758505927092,24.368109389271208,5.715654732717459,,2.7567116315673377,,,,,,4345056.0,34517674.0,12521322.0,51384052.0,proyeccion_oficial,30029459.674000002,30788360.04912717,30310030.94984,,Proyección
2030,00,,,12.17581096285265,50.16792641478729,37.99211545193464,,312.0294456594744,54.54152063635968,,,,,,,,8.108130180356328,66.59211616452929,25.299753655114394,5.990551188714598,,2.6321250820190323,,,,,,4159934.0,34165560.0,12980219.0,51305713.0,proyeccion_oficial,29987676.8,30955878.225590773,30340576.5228,,Proyección
2031,00,,,11.81217690557502,51.49564751383471,39.68347060825968,,335.95391370688145,54.895492646555525,,,,,,,,7.7970404426941196,66.00849703676663,26.194462520539247,6.171123127655129,,2.519940883879902,,,,,,3993899.0,33811710.0,13417660.0,51223269.0,proyeccion_oficial,29944768.27,31130232.79589074,30370495.85452,,Proyección
2032,00,,,11.598471529993379,52.98122315176245,41.38275162176907,,356.7948717618027,54.54378525365996,,,,,,,,7.581630798236794,65.3674993177409,27.050869884022312,6.502925133955989,,2.416465703247142,,,,,,3876887.0,33425844.0,13832534.0,51135265.0,proyeccion_oficial,29883311.915,31267070.400136217,30381791.1228,,Proyección
2033,00,,,11.526358311972807,54.76498164235329,43.238623330380484,,375.12822489187334,53.493382838000436,,,,,,,,7.4476526858053,64.61409999782134,27.938247316373356,6.8228073664918565,,2.3127470834562307,,,,,,3801329.0,32979445.0,14259858.0,51040632.0,proyeccion_oficial,29805909.225,31364005.903545283,30377228.65428,,Proyección
2034,00,,,11.585655341768181,57.12572448325801,45.54006914148982,,393.07288019617187,52.99759577805689,,,,,,,,7.373493665579025,63.643302412047206,28.98320392237376,7.150535145601121,,2.195868427193357,,,,,,3755890.0,32418451.0,14763385.0,50937726.0,proyeccion_oficial,29711837.208,31448850.890908893,30356437.525319997,,Proyección
2035,00,,,11.729404304182921,59.4375861792585,47.70818187507558,,406.74002394189756,51.48021453452556,,,,,,,,7.356737257045114,62.720467862307096,29.922794880647796,7.6889860294374,,2.096076523348786,,,,,,3739052.0,31877595.0,15208221.0,50824868.0,proyeccion_oficial,29629424.132,31499253.370363563,30347111.2148,,Proyección
2036,00,,,11.965700251320477,62.06831673265415,50.10261648133367,,418.71863266677263,49.45230020971289,,,,,,,,7.383121200091776,61.70237466275332,30.914504137154903,8.172044359573661,,1.9959037476067978,,,,,,3743345.0,31283961.0,15674083.0,50701389.0,proyeccion_oficial,29541951.123999998,31428703.03036356,30332786.3307,,Proyección
2037,00,,,12.25436907031021,64.6487377622677,52.394368691957496,,427.5566403406126,47.08561244399737,,,,,,,,7.442734901499211,60.73535780419256,31.821907294308225,8.699127971793969,,1.9086020596589408,,,,,,3763572.0,30712083.0,16091402.0,50567057.0,proyeccion_oficial,29431178.294,31332654.073090833,30295836.8924,,Proyección
2038,00,,,12.594914892307818,67.3298183025298,54.73490341022198,,434.57938285593826,44.91588836112264,,,,,,,,7.526999682469267,59.76221154988737,32.71078876764337,9.279561463657805,,1.8269877860298658,,,,,,3794900.0,30130414.0,16491853.0,50417167.0,proyeccion_oficial,29294478.221,31210212.683363557,30233769.87066,,Proyección
2039,00,,,12.974018070619216,70.03353386833396,57.05951579771475,,439.7983376247251,43.146201707534765,,,,,,,,7.630270203444511,58.8119282855318,33.55780151102369,9.904897655227984,,1.752556056635956,,,,,,3834032.0,29551616.0,16862009.0,50247657.0,proyeccion_oficial,29125843.29,31055988.617818102,30138640.34688,,Proyección
2040,00,,,13.36157092280402,72.44463273025455,59.083061807450534,,442.1864925075108,40.98406611435202,,,,,,,,7.74832519357374,57.98962740488675,34.26204740153951,10.650088461230057,,1.6925324609258778,,,,,,3878751.0,29029154.0,17151313.0,50059218.0,proyeccion_oficial,28911872.134,30858125.25590901,29997734.3362,,Proyección
2041,00,,,13.72794016106118,74.63966731482655,60.91172715376537,,443.7062402598413,38.704399955451265,,,,,,,,7.860722808360335,57.26075956141621,34.878517630223456,11.454025070430486,,1.6417199884606837,,,,,,3918699.0,28545426.0,17387512.0,49851637.0,proyeccion_oficial,28685198.060000002,30648197.728090826,29844775.8632,,Proyección
2042,00,,,14.041784790822028,76.67371445003027,62.63192965920824,,446.03966370532635,37.09875224975262,,,,,,,,7.9478630052766315,56.601515574227435,35.450621420495935,12.01988336016938,,1.5966297149731494,,,,,,3944160.0,28088737.0,17592518.0,49625415.0,proyeccion_oficial,28440957.979000002,30423759.360818096,29672511.7777,,Proyección
2043,00,,,14.318516971191686,78.70937066759545,64.39085369640377,,449.7033723950303,36.187345385347285,,,,,,,,8.012180288981341,55.95677474909968,36.03104496191898,12.679598773336162,,1.5530155955299132,,,,,,3956476.0,27631884.0,17792406.0,49380766.0,proyeccion_oficial,28196253.198,30195584.08499992,29498925.66084,,Proyección
2044,00,,,14.561224645259403,80.75477750065339,66.19355285539399,,454.5878143356862,35.71649588617605,,,,,,,,8.055789643074174,55.32357229099437,36.62063806593146,13.11054494868543,,1.5107211455843645,,,,,,3956797.0,27173518.0,17987117.0,49117432.0,proyeccion_oficial,27951696.776,29961451.25163628,29324189.88232,,Proyección
2045,00,,,14.805332443302158,83.22012724064173,68.41479479733957,,462.0956338490731,35.975976153590615,,,,,,,,8.080625565692792,54.57915650754885,37.340217926758356,13.65088311298502,,1.4616721470293539,,,,,,3946176.0,26653748.0,18235107.0,48835031.0,proyeccion_oficial,27711132.354,29728375.16654537,29152730.441999998,,Proyección
2046,00,,,15.018541364219729,85.68042741646535,70.66188605224562,,470.497662446707,36.58765284733782,,,,,,,,8.088381512896039,53.855972539156504,38.05564594794746,14.15207761621344,,1.4151900775201858,,,,,,3925472.0,26137505.0,18469254.0,48532231.0,proyeccion_oficial,27460012.769,29483780.79772719,28969003.822219998,,Proyección
2047,00,,,15.201862064486962,88.13734700300093,72.93548493851397,,479.77994162240424,37.21171379669767,,,,,,,,8.080193702446799,53.152657668976765,38.767148628576436,14.613896747482086,,1.3710747256195244,,,,,,3895330.0,25624032.0,18689012.0,48208374.0,proyeccion_oficial,27204713.897,29230532.459999915,28778429.63048,,Proyección
2048,00,,,15.321895560658058,90.1773049194512,74.85540935879315,,488.55188356066697,37.78069966877644,,,,,,,,8.056637234998982,52.58250980176346,39.36085296323756,15.101285498375146,,1.3359087987974934,,,,,,3856154.0,25167604.0,18839313.0,47863071.0,proyeccion_oficial,26943500.896,28967365.898636278,28579433.498120002,,Proyección
2049,00,,,15.367076590478659,91.66177752577578,76.29470093529712,,496.4815557864066,38.296578039954014,,,,,,,,8.017809700430231,52.17524395888034,39.80694634068943,15.73217435082942,,1.3107070186277618,,,,,,3808132.0,24781109.0,18906673.0,47495914.0,proyeccion_oficial,26671231.946000002,28692220.380818095,28366155.220399998,,Proyección
2050,00,,,15.343965575035078,92.68353329715563,77.33956772212055,,504.0389809525739,38.752849881035885,,,,,,,,7.963298841614912,51.89857082690116,40.13813033148392,16.263172151206533,,1.292999210433887,,,,,,3751268.0,24447839.0,18907853.0,47106960.0,proyeccion_oficial,26386292.693,28404249.458636276,28136944.8895,,Proyección
2051,00,,,15.283853225900698,93.65888478016974,78.37503155426904,,512.7962850457844,39.2198780402327,,,,,,,,7.892151833493225,51.63718675418076,40.47066141232602,16.84465840928886,,1.275916551698703,,,,,,3685429.0,24113219.0,18898743.0,46697391.0,proyeccion_oficial,26092634.935000002,28104406.10427264,27827426.2345,,Proyección
2052,00,,,15.172420777726048,94.43346156013605,79.26104078241,,522.4020737598419,39.56270507191416,,,,,,,,7.803400019720057,51.43147645348645,40.765123526793495,17.348476193304457,,1.2616538845928513,,,,,,3610447.0,23796117.0,18861050.0,46267614.0,proyeccion_oficial,25778103.321000002,27782681.49236355,27495681.367,,Proyección
2053,00,,,15.03306037014432,95.09340300779834,80.06034263765403,,532.5618381514253,39.73909386965319,,,,,,,,7.705570838570801,51.25749946347635,41.03692969795284,17.836789473926586,,1.24905785692913,,,,,,3530547.0,23485218.0,18802346.0,45818111.0,proyeccion_oficial,25456154.880999997,27451943.995545365,27155196.992,,Proyección
2054,00,,,14.90035347069102,95.88827107335692,80.9879176026659,,543.5301770657258,39.96441221715311,,,,,,,,7.606557242577878,51.04950870823279,41.34393404918933,18.28600111733795,,1.2347520835220025,,,,,,3449623.0,23151283.0,18749742.0,45350648.0,proyeccion_oficial,25131950.987,27118370.72336355,26810813.34,,Proyección
2055,00,,,14.770815823136346,96.83015405405322,82.05933823091688,,555.550480173091,40.04473064903622,,,,,,,,7.504346015539879,50.805223661278106,41.690430323182014,18.59941756549402,,1.218630349157797,,,,,,3367015.0,22795051.0,18705468.0,44867534.0,proyeccion_oficial,24805668.068,26779962.242272638,26463805.3145,,Proyección
2056,00,,,14.637908240709004,97.87166724326933,83.23375900256032,,568.6178491752098,40.159139961859594,,,,,,,,7.397677719424441,50.53780634347059,42.064515937104964,18.834784586849064,,1.2014355857329948,,,,,,3282471.0,22424454.0,18664716.0,44371641.0,proyeccion_oficial,24476889.275000002,26438679.37409082,26113815.893,,Proyección
2057,00,,,14.532712449759643,99.45390546034974,84.9211930105901,,584.3450994036189,40.961206969968075,,,,,,,,7.2862511346756555,50.13689742960656,42.57685143571778,19.0364322245561,,1.1775623546354266,,,,,,3196111.0,21992529.0,18676318.0,43864958.0,proyeccion_oficial,24154408.152000003,26104926.034999914,25769535.800499998,,Proyección
2058,00,,,14.424436021212884,101.15716881414525,86.73273279293235,,601.2902872970656,41.94032116892628,,,,,,,,7.170729289066513,49.712371967410625,43.11689874352286,19.259868061746076,,1.1529672452353394,,,,,,3108455.0,21549924.0,18690838.0,43349217.0,proyeccion_oficial,23833602.72,25774374.919090822,25426422.616,,Proyección
2059,00,,,14.303923918859185,102.81943790253278,88.5155139836736,,618.8198041725406,42.835420165733396,,,,,,,,7.052540953068364,49.30493893196576,43.642520114965876,19.508806015301076,,1.1297454592925336,,,,,,3020414.0,21115982.0,18690920.0,42827316.0,proyeccion_oficial,23519952.200999998,25449150.05427264,25090781.04,,Proyección
2060,00,,,14.179122659081342,104.48668059750092,90.30755793841958,,636.9051182484837,43.916494960474964,,,,,,,,6.9340079352115165,48.902940625670325,44.163051439118156,19.91024272420041,,1.1073270309024374,,,,,,2933230.0,20686964.0,18681892.0,42302086.0,proyeccion_oficial,23201730.614,25120399.418999914,24750442.039499998,,Proyección
2061,00,,,14.064360341040317,106.27230619346162,92.2079458524213,,655.6142164770563,45.10890909515195,,,,,,,,6.81834638909279,48.47960535536485,44.70204825554236,20.326659494167668,,1.0845052351567388,,,,,,2848385.0,20252503.0,18674417.0,41775305.0,proyeccion_oficial,22888416.516,24797435.186545372,24414892.7395,,Proyección
2062,00,,,13.953472425475638,107.97288845225643,94.0194160267808,,673.806584912328,46.007200365038734,,,,,,,,6.709274718122159,48.0831904313127,45.20753485056514,20.75773732802483,,1.0636100948714218,,,,,,2767478.0,19833615.0,18647449.0,41248542.0,proyeccion_oficial,22599067.909,24494831.63663628,24103943.215,,Proyección
2063,00,,,13.860086941112156,109.6650449342649,95.80495799315275,,691.2291272067965,46.59662572765847,,,,,,,,6.610585443776587,47.69512248994697,45.69429206627645,21.0819984809371,,1.0437873163844722,,,,,,2692081.0,19423262.0,18608448.0,40723791.0,proyeccion_oficial,22318970.757,24200467.27063628,23802509.0295,,Proyección
2064,00,,,13.7797859524971,111.15238667881823,97.37260072632114,,706.633623062017,47.24249001865509,,,,,,,,6.525991095453445,47.35916158603928,46.11484731850728,21.265209048299223,,1.0269829423685983,,,,,,2623604.0,19039512.0,18539268.0,40202384.0,proyeccion_oficial,22040005.831,23906994.403272644,23502432.747,,Proyección
2065,00,,,13.750622436422969,112.89825604070458,99.14763360428161,,721.0410587789615,48.04390423788516,,,,,,,,6.458776456014721,46.970793401370436,46.570430142614846,21.34013149987111,,1.008596941396709,,,,,,2563179.0,18640458.0,18481573.0,39685210.0,proyeccion_oficial,21771855.831,23623616.5308181,23213466.1145,,Proyección
2066,00,,,13.756148837650532,114.55568463946675,100.7995358018162,,732.7598515503718,48.28851212758616,,,,,,,,6.411458573454238,46.607947101488904,46.98059432505686,21.430371868114992,,0.9920680606765075,,,,,,2511559.0,18257719.0,18403696.0,39172974.0,proyeccion_oficial,21507229.323,23343160.754363555,22928459.5575,,Proyección
2067,00,,,13.75590284329838,115.42160484242491,101.66570199912654,,739.069642736363,47.76730994952513,,,,,,,,6.385572539653324,46.42059930485956,47.193828155487125,21.493990484924765,,0.9836158904490637,,,,,,2469073.0,17949189.0,18248169.0,38666431.0,proyeccion_oficial,21237293.159,23056764.388999917,22638773.748,,Proyección
2068,00,,,13.788716319420462,116.06914503949899,102.28042872007855,,741.7690403567411,46.93502880164918,,,,,,,,6.38162210384078,46.28148085730579,47.33689703885344,21.547909845785863,,0.9777041536820341,,,,,,2435603.0,17663740.0,18066549.0,38165892.0,proyeccion_oficial,20958057.461,22761068.43727265,22340140.474,,Proyección
2069,00,,,13.876011677214672,116.84067979090796,102.96466811369329,,742.0335937218046,46.2252719193814,,,,,,,,6.3991736654740405,46.11680801610961,47.484018318416354,21.65436425773478,,0.9712069376029095,,,,,,2410629.0,17372636.0,17887677.0,37670942.0,proyeccion_oficial,20686393.851999998,22470345.780727193,22049599.105,,Proyección
2070,00,,,13.986475631410025,117.29511810022298,103.30864246881295,,738.632413134931,45.01653671749899,,,,,,,,6.436626719316835,46.02036201930548,47.543011261377686,21.817971891282003,,0.9679732267335546,,,,,,2393252.0,17111187.0,17677335.0,37181774.0,proyeccion_oficial,20414450.37,22178100.682636287,21759195.2715,,Proyección
2071,00,,,14.133739882159851,117.72852174878805,103.59478186662818,,732.9608633691462,43.741548126086144,,,,,,,,6.49145080701331,45.92875531271853,47.57979388026816,22.026171258635905,,0.9652995855403581,,,,,,2382295.0,16855376.0,17461290.0,36698961.0,proyeccion_oficial,20129644.388,21874072.799999923,21456102.721499998,,Proyección
2072,00,,,14.336952680217932,118.53330479267134,104.19635211245341,,726.7677758065222,42.96094069562327,,,,,,,,6.560534420060045,45.75961549424825,47.679850085691704,22.402032913819124,,0.9597264968746263,,,,,,2376376.0,16575182.0,17270735.0,36222293.0,proyeccion_oficial,19845051.982,21569548.593909018,21153692.819,,Proyección
