cod_escenario,nombre_escenario,familia,supuesto_fecundidad,supuesto_esperanza_vida,supuesto_migracion,orden,etiqueta_kostat
medio,Medio (base),Base,media,media,media,1,중위 추계(기본 추계: 출산율-중위 / 기대수명-중위 / 국제순이동-중위)
fecundidad_alta,Fecundidad alta,Fecundidad,alta,media,media,2,높은 출산율 추계(출산율-고위 / 기대수명-중위 / 국제순이동-중위)
fecundidad_baja,Fecundidad baja,Fecundidad,baja,media,media,3,낮은 출산율 추계(출산율-저위 / 기대수명-중위 / 국제순이동-중위)
fecundidad_2022,Fecundidad constante 2022,Fecundidad,constante_2022,media,media,4,출산율 현수준 추계(출산율-2022년 출산율 유지 / 기대수명-중위 / 국제순이동-중위)
fecundidad_ocde,Fecundidad promedio OCDE,Fecundidad,promedio_ocde,media,media,5,출산율 OECD 평균 추계(출산율-OECD 평균 / 기대수명-중위 / 국제순이동-중위)
esperanza_vida_alta,Esperanza de vida alta,Mortalidad,media,alta,media,6,높은 기대수명 추계(출산율-중위 / 기대수명-고위 / 국제순이동-중위)
esperanza_vida_baja,Esperanza de vida baja,Mortalidad,media,baja,media,7,낮은 기대수명 추계(출산율-중위 / 기대수명-저위 / 국제순이동-중위)
covid_largo_plazo,Efecto prolongado COVID-19,Mortalidad,media,covid_largo,media,8,사망력 코로나19 장기영향 추계(출산율-중위 / 기대수명-코로나19장기영향지속 / 국제순이동-중위)
migracion_alta,Migración internacional alta,Migración,media,media,alta,9,높은 국제순이동 추계(출산율-중위 / 기대수명-중위 / 국제순이동-고위)
migracion_baja,Migración internacional baja,Migración,media,media,baja,10,낮은 국제순이동 추계(출산율-중위 / 기대수명-중위 / 국제순이동-저위)
migracion_cero,Sin migración internacional,Migración,media,media,cero,11,국제 무이동추계(출산율-중위 / 기대수명-중위 / 국제순이동-무이동)
envejecimiento_rapido,Envejecimiento rápido,Combinado,baja,alta,baja,12,빠른 고령화 추계(출산율-저위 / 기대수명-고위 / 국제순이동-저위)
envejecimiento_lento,Envejecimiento lento,Combinado,alta,baja,alta,13,느린 고령화 추계(출산율-고위 / 기대수명-저위 / 국제순이동-고위)
otro_Fmedia_Ealta_Malta,"Otra: fecundidad media, esp. vida alta, migración alta",Otros,media,alta,alta,20,기타 추계(출산율-중위 / 기대수명-고위 / 국제순이동-고위)
otro_Fmedia_Ealta_Mbaja,"Otra: fecundidad media, esp. vida alta, migración baja",Otros,media,alta,baja,20,기타 추계(출산율-중위 / 기대수명-고위 / 국제순이동-저위)
otro_Fmedia_Ebaja_Malta,"Otra: fecundidad media, esp. vida baja, migración alta",Otros,media,baja,alta,20,기타 추계(출산율-중위 / 기대수명-저위 / 국제순이동-고위)
otro_Fmedia_Ebaja_Mbaja,"Otra: fecundidad media, esp. vida baja, migración baja",Otros,media,baja,baja,20,기타 추계(출산율-중위 / 기대수명-저위 / 국제순이동-저위)
otro_Falta_Emedia_Malta,"Otra: fecundidad alta, esp. vida media, migración alta",Otros,alta,media,alta,20,기타 추계(출산율-고위 / 기대수명-중위 / 국제순이동-고위)
otro_Falta_Emedia_Mbaja,"Otra: fecundidad alta, esp. vida media, migración baja",Otros,alta,media,baja,20,기타 추계(출산율-고위 / 기대수명-중위 / 국제순이동-저위)
otro_Falta_Ealta_Mmedia,"Otra: fecundidad alta, esp. vida alta, migración media",Otros,alta,alta,media,20,기타 추계(출산율-고위 / 기대수명-고위 / 국제순이동-중위)
otro_Falta_Ealta_Mbaja,"Otra: fecundidad alta, esp. vida alta, migración baja",Otros,alta,alta,baja,20,기타 추계(출산율-고위 / 기대수명-고위 / 국제순이동-저위)
otro_Falta_Ebaja_Mmedia,"Otra: fecundidad alta, esp. vida baja, migración media",Otros,alta,baja,media,20,기타 추계(출산율-고위 / 기대수명-저위 / 국제순이동-중위)
otro_Fbaja_Emedia_Malta,"Otra: fecundidad baja, esp. vida media, migración alta",Otros,baja,media,alta,20,기타 추계(출산율-저위 / 기대수명-중위 / 국제순이동-고위)
otro_Fbaja_Emedia_Mbaja,"Otra: fecundidad baja, esp. vida media, migración baja",Otros,baja,media,baja,20,기타 추계(출산율-저위 / 기대수명-중위 / 국제순이동-저위)
otro_Fbaja_Ealta_Mmedia,"Otra: fecundidad baja, esp. vida alta, migración media",Otros,baja,alta,media,20,기타 추계(출산율-저위 / 기대수명-고위 / 국제순이동-중위)
otro_Fbaja_Ealta_Malta,"Otra: fecundidad baja, esp. vida alta, migración alta",Otros,baja,alta,alta,20,기타 추계(출산율-저위 / 기대수명-고위 / 국제순이동-고위)
otro_Fbaja_Ebaja_Mmedia,"Otra: fecundidad baja, esp. vida baja, migración media",Otros,baja,baja,media,20,기타 추계(출산율-저위 / 기대수명-저위 / 국제순이동-중위)
otro_Fbaja_Ebaja_Malta,"Otra: fecundidad baja, esp. vida baja, migración alta",Otros,baja,baja,alta,20,기타 추계(출산율-저위 / 기대수명-저위 / 국제순이동-고위)
otro_Falta_Ebaja_Mbaja,"Otra: fecundidad alta, esp. vida baja, migración baja",Otros,alta,baja,baja,20,기타 추계(출산율-고위 / 기대수명-저위 / 국제순이동-저위)
