anio,decada,quinquenio,periodo,en_ventana_analisis,horizonte
1925,1920s,1925-1929,Histórico,False,Antes de 2000
1926,1920s,1925-1929,Histórico,False,Antes de 2000
1927,1920s,1925-1929,Histórico,False,Antes de 2000
1928,1920s,1925-1929,Histórico,False,Antes de 2000
1929,1920s,1925-1929,Histórico,False,Antes de 2000
1930,1930s,1930-1934,Histórico,False,Antes de 2000
1931,1930s,1930-1934,Histórico,False,Antes de 2000
1932,1930s,1930-1934,Histórico,False,Antes de 2000
1933,1930s,1930-1934,Histórico,False,Antes de 2000
1934,1930s,1930-1934,Histórico,False,Antes de 2000
1935,1930s,1935-1939,Histórico,False,Antes de 2000
1936,1930s,1935-1939,Histórico,False,Antes de 2000
1937,1930s,1935-1939,Histórico,False,Antes de 2000
1938,1930s,1935-1939,Histórico,False,Antes de 2000
1939,1930s,1935-1939,Histórico,False,Antes de 2000
1940,1940s,1940-1944,Histórico,False,Antes de 2000
1941,1940s,1940-1944,Histórico,False,Antes de 2000
1942,1940s,1940-1944,Histórico,False,Antes de 2000
1943,1940s,1940-1944,Histórico,False,Antes de 2000
1944,1940s,1940-1944,Histórico,False,Antes de 2000
1945,1940s,1945-1949,Histórico,False,Antes de 2000
1946,1940s,1945-1949,Histórico,False,Antes de 2000
1947,1940s,1945-1949,Histórico,False,Antes de 2000
1948,1940s,1945-1949,Histórico,False,Antes de 2000
1949,1940s,1945-1949,Histórico,False,Antes de 2000
1950,1950s,1950-1954,Histórico,False,Antes de 2000
1951,1950s,1950-1954,Histórico,False,Antes de 2000
1952,1950s,1950-1954,Histórico,False,Antes de 2000
1953,1950s,1950-1954,Histórico,False,Antes de 2000
1954,1950s,1950-1954,Histórico,False,Antes de 2000
1955,1950s,1955-1959,Histórico,False,Antes de 2000
1956,1950s,1955-1959,Histórico,False,Antes de 2000
1957,1950s,1955-1959,Histórico,False,Antes de 2000
1958,1950s,1955-1959,Histórico,False,Antes de 2000
1959,1950s,1955-1959,Histórico,False,Antes de 2000
1960,1960s,1960-1964,Histórico,False,Antes de 2000
1961,1960s,1960-1964,Histórico,False,Antes de 2000
1962,1960s,1960-1964,Histórico,False,Antes de 2000
1963,1960s,1960-1964,Histórico,False,Antes de 2000
1964,1960s,1960-1964,Histórico,False,Antes de 2000
1965,1960s,1965-1969,Histórico,False,Antes de 2000
1966,1960s,1965-1969,Histórico,False,Antes de 2000
1967,1960s,1965-1969,Histórico,False,Antes de 2000
1968,1960s,1965-1969,Histórico,False,Antes de 2000
1969,1960s,1965-1969,Histórico,False,Antes de 2000
1970,1970s,1970-1974,Histórico,False,Antes de 2000
1971,1970s,1970-1974,Histórico,False,Antes de 2000
1972,1970s,1970-1974,Histórico,False,Antes de 2000
1973,1970s,1970-1974,Histórico,False,Antes de 2000
1974,1970s,1970-1974,Histórico,False,Antes de 2000
1975,1970s,1975-1979,Histórico,False,Antes de 2000
1976,1970s,1975-1979,Histórico,False,Antes de 2000
1977,1970s,1975-1979,Histórico,False,Antes de 2000
1978,1970s,1975-1979,Histórico,False,Antes de 2000
1979,1970s,1975-1979,Histórico,False,Antes de 2000
1980,1980s,1980-1984,Histórico,False,Antes de 2000
1981,1980s,1980-1984,Histórico,False,Antes de 2000
1982,1980s,1980-1984,Histórico,False,Antes de 2000
1983,1980s,1980-1984,Histórico,False,Antes de 2000
1984,1980s,1980-1984,Histórico,False,Antes de 2000
1985,1980s,1985-1989,Histórico,False,Antes de 2000
1986,1980s,1985-1989,Histórico,False,Antes de 2000
1987,1980s,1985-1989,Histórico,False,Antes de 2000
1988,1980s,1985-1989,Histórico,False,Antes de 2000
1989,1980s,1985-1989,Histórico,False,Antes de 2000
1990,1990s,1990-1994,Histórico,False,Antes de 2000
1991,1990s,1990-1994,Histórico,False,Antes de 2000
1992,1990s,1990-1994,Histórico,False,Antes de 2000
1993,1990s,1990-1994,Histórico,False,Antes de 2000
1994,1990s,1990-1994,Histórico,False,Antes de 2000
1995,1990s,1995-1999,Histórico,False,Antes de 2000
1996,1990s,1995-1999,Histórico,False,Antes de 2000
1997,1990s,1995-1999,Histórico,False,Antes de 2000
1998,1990s,1995-1999,Histórico,False,Antes de 2000
1999,1990s,1995-1999,Histórico,False,Antes de 2000
2000,2000s,2000-2004,Histórico,True,2000-2025
2001,2000s,2000-2004,Histórico,True,2000-2025
2002,2000s,2000-2004,Histórico,True,2000-2025
2003,2000s,2000-2004,Histórico,True,2000-2025
2004,2000s,2000-2004,Histórico,True,2000-2025
2005,2000s,2005-2009,Histórico,True,2000-2025
2006,2000s,2005-2009,Histórico,True,2000-2025
2007,2000s,2005-2009,Histórico,True,2000-2025
2008,2000s,2005-2009,Histórico,True,2000-2025
2009,2000s,2005-2009,Histórico,True,2000-2025
2010,2010s,2010-2014,Histórico,True,2000-2025
2011,2010s,2010-2014,Histórico,True,2000-2025
2012,2010s,2010-2014,Histórico,True,2000-2025
2013,2010s,2010-2014,Histórico,True,2000-2025
2014,2010s,2010-2014,Histórico,True,2000-2025
2015,2010s,2015-2019,Histórico,True,2000-2025
2016,2010s,2015-2019,Histórico,True,2000-2025
2017,2010s,2015-2019,Histórico,True,2000-2025
2018,2010s,2015-2019,Histórico,True,2000-2025
2019,2010s,2015-2019,Histórico,True,2000-2025
2020,2020s,2020-2024,Histórico,True,2000-2025
2021,2020s,2020-2024,Histórico,True,2000-2025
2022,2020s,2020-2024,Histórico,True,2000-2025
2023,2020s,2020-2024,Histórico,True,2000-2025
2024,2020s,2020-2024,Histórico,True,2000-2025
2025,2020s,2025-2029,Histórico,True,2000-2025
2026,2020s,2025-2029,Proyección,False,2026-2035
2027,2020s,2025-2029,Proyección,False,2026-2035
2028,2020s,2025-2029,Proyección,False,2026-2035
2029,2020s,2025-2029,Proyección,False,2026-2035
2030,2030s,2030-2034,Proyección,False,2026-2035
2031,2030s,2030-2034,Proyección,False,2026-2035
2032,2030s,2030-2034,Proyección,False,2026-2035
2033,2030s,2030-2034,Proyección,False,2026-2035
2034,2030s,2030-2034,Proyección,False,2026-2035
2035,2030s,2035-2039,Proyección,False,2026-2035
2036,2030s,2035-2039,Proyección,False,2036-2050
2037,2030s,2035-2039,Proyección,False,2036-2050
2038,2030s,2035-2039,Proyección,False,2036-2050
2039,2030s,2035-2039,Proyección,False,2036-2050
2040,2040s,2040-2044,Proyección,False,2036-2050
2041,2040s,2040-2044,Proyección,False,2036-2050
2042,2040s,2040-2044,Proyección,False,2036-2050
2043,2040s,2040-2044,Proyección,False,2036-2050
2044,2040s,2040-2044,Proyección,False,2036-2050
2045,2040s,2045-2049,Proyección,False,2036-2050
2046,2040s,2045-2049,Proyección,False,2036-2050
2047,2040s,2045-2049,Proyección,False,2036-2050
2048,2040s,2045-2049,Proyección,False,2036-2050
2049,2040s,2045-2049,Proyección,False,2036-2050
2050,2050s,2050-2054,Proyección,False,2036-2050
2051,2050s,2050-2054,Proyección,False,2051-2072
2052,2050s,2050-2054,Proyección,False,2051-2072
2053,2050s,2050-2054,Proyección,False,2051-2072
2054,2050s,2050-2054,Proyección,False,2051-2072
2055,2050s,2055-2059,Proyección,False,2051-2072
2056,2050s,2055-2059,Proyección,False,2051-2072
2057,2050s,2055-2059,Proyección,False,2051-2072
2058,2050s,2055-2059,Proyección,False,2051-2072
2059,2050s,2055-2059,Proyección,False,2051-2072
2060,2060s,2060-2064,Proyección,False,2051-2072
2061,2060s,2060-2064,Proyección,False,2051-2072
2062,2060s,2060-2064,Proyección,False,2051-2072
2063,2060s,2060-2064,Proyección,False,2051-2072
2064,2060s,2060-2064,Proyección,False,2051-2072
2065,2060s,2065-2069,Proyección,False,2051-2072
2066,2060s,2065-2069,Proyección,False,2051-2072
2067,2060s,2065-2069,Proyección,False,2051-2072
2068,2060s,2065-2069,Proyección,False,2051-2072
2069,2060s,2065-2069,Proyección,False,2051-2072
2070,2070s,2070-2074,Proyección,False,2051-2072
2071,2070s,2070-2074,Proyección,False,2051-2072
2072,2070s,2070-2074,Proyección,False,2051-2072
