cod_edad,etiqueta,edad_min,edad_max,tipo,grupo_funcional,orden,observacion
TOTAL,Todas las edades,0,,total,Total,0,
0-4,0-4,0,4,quinquenal,0-14,1,
5-9,5-9,5,9,quinquenal,0-14,2,
10-14,10-14,10,14,quinquenal,0-14,3,
15-19,15-19,15,19,quinquenal,15-64,4,
20-24,20-24,20,24,quinquenal,15-64,5,
25-29,25-29,25,29,quinquenal,15-64,6,
30-34,30-34,30,34,quinquenal,15-64,7,
35-39,35-39,35,39,quinquenal,15-64,8,
40-44,40-44,40,44,quinquenal,15-64,9,
45-49,45-49,45,49,quinquenal,15-64,10,
50-54,50-54,50,54,quinquenal,15-64,11,
55-59,55-59,55,59,quinquenal,15-64,12,
60-64,60-64,60,64,quinquenal,15-64,13,
65-69,65-69,65,69,quinquenal,65+,14,
70-74,70-74,70,74,quinquenal,65+,15,
75-79,75-79,75,79,quinquenal,65+,16,
80-84,80-84,80,84,quinquenal,65+,17,
85+,85 y más,85,,quinquenal,65+,18,Grupo abierto: KOSIS publica 85-89/90-94/95-99/100+ que se agregan aquí
0-14,0-14 (juvenil),0,14,agregado,0-14,19,
15-64,15-64 (edad de trabajar),15,64,agregado,15-64,20,
65+,65 y más (adulto mayor),65,,agregado,65+,21,
15+,15 y más (EAPS),15,,eaps,,22,Universo de la Encuesta de Población Económicamente Activa
20-29,20-29 (EAPS),20,29,eaps,15-64,23,
30-39,30-39 (EAPS),30,39,eaps,15-64,24,
40-49,40-49 (EAPS),40,49,eaps,15-64,25,
50-59,50-59 (EAPS),50,59,eaps,15-64,26,
60+,60 y más (EAPS),60,,eaps,,27,Grupo abierto de la EAPS
15-24,15-24 (EAPS),15,24,eaps_agregado,15-64,28,
15-29,15-29 (EAPS),15,29,eaps_agregado,15-64,29,
25-54,25-54 (OCDE),25,54,eaps_agregado,15-64,30,Grupo publicado por la OCDE (participación)
55-64,55-64 (OCDE),55,64,eaps_agregado,15-64,31,Grupo publicado por la OCDE (participación)
