fuente,dataset,tbl_id,rol,url,fecha_extraccion,filas,archivo_crudo,version
KOSIS,censo_historico,DT_1IN0001,contexto,https://kosis.kr/statHtml/statHtml.do?orgId=101&tblId=DT_1IN0001&language=en,2026-10-02,2632,data/bronze/kosis/2026-10-02/101_DT_1IN0001_20261002095908.xls,886ae1f37ea9
KOSIS,censo_registros,DT_1IN1502,complementaria,https://kosis.kr/statHtml/statHtml.do?orgId=101&tblId=DT_1IN1502&language=en,2026-10-02,6580,data/bronze/kosis/2026-10-02/101_DT_1IN1502_20261002094734.xls,ada83e35dee8
KOSIS,eaps_sexo_edad,DT_1DA7012S,maestra,https://kosis.kr/statHtml/statHtml.do?orgId=101&tblId=DT_1DA7012S&language=en,2026-10-01,30,data/bronze/kosis/2026-10-01/eaps_nacional_sexo_edad_2000_2025.csv,f5f97a6941b1
KOSIS,eaps_sido,DT_1DA7004S,maestra,https://kosis.kr/statHtml/statHtml.do?orgId=101&tblId=DT_1DA7004S&language=en,2026-10-01,19,data/bronze/kosis/2026-10-01/eaps_sido_anual_2000_2025.csv,812b64f0cd4a
KOSIS,nacimientos_sexo,DT_1B8000K,complementaria,https://kosis.kr/statHtml/statHtml.do?orgId=101&tblId=DT_1B8000K&language=en,2026-10-03,54,data/bronze/kosis/2026-10-03/Live_Births_and_Deaths_by_administrative_districts_20261003100249.xlsx,1f334f84a669
KOSIS,poblacion_nacional,DT_1BPA001,maestra,https://kosis.kr/statHtml/statHtml.do?orgId=101&tblId=DT_1BPA001&language=en,2026-10-01,69,data/bronze/kosis/2026-10-01/poblacion_nacional_edad_sexo_2000_2072_medio.csv,5a3ab55adea1
KOSIS,poblacion_sido,DT_1BPB001,maestra,https://kosis.kr/statHtml/statHtml.do?orgId=101&tblId=DT_1BPB001&language=en,2026-10-01,1242,data/bronze/kosis/2026-10-01/poblacion_sido_edad_sexo_2000_2052_medio.csv,83a287f65903
KOSIS,proyeccion_escenarios,,maestra,https://kosis.kr/eng/,2026-10-01,1848,data/bronze/kosis/2026-10-01/proyeccion_nacional_edad_sexo_por_escenario_2022_2072.csv,be3385b69399
KOSIS,proyeccion_resumen,DT_1BPA002,contraste,https://kosis.kr/statHtml/statHtml.do?orgId=101&tblId=DT_1BPA002&language=en,2026-09-23,21,data/bronze/kosis/2026-09-23/proyeccion_nacional_resumen_medio.csv,5910487c6826
KOSIS,tfr_sido,DT_1B81A17,maestra,https://kosis.kr/statHtml/statHtml.do?orgId=101&tblId=DT_1B81A17&language=en,2026-10-01,18,data/bronze/kosis/2026-10-01/tfr_sido_2000_2025.csv,aec2bce67b72
KOSIS,vitales_nacional,DT_1B8000F,maestra,https://kosis.kr/statHtml/statHtml.do?orgId=101&tblId=DT_1B8000F&language=en,2026-10-02,16,data/bronze/kosis/2026-10-02/Vital_Statistics_of_Korea_20261002100432.xlsx,7db493a61158
KOSIS,vitales_nacional_repo,DT_1B8000F,contraste,https://kosis.kr/statHtml/statHtml.do?orgId=101&tblId=DT_1B8000F&language=en,2026-10-01,16,data/bronze/kosis/2026-10-01/estadisticas_vitales_nacional_2000_2025.csv,868493af0cd7
KOSIS,vitales_sido,DT_1B8000H,maestra,https://kosis.kr/statHtml/statHtml.do?orgId=101&tblId=DT_1B8000H&language=en,2026-10-02,19,data/bronze/kosis/2026-10-02/Vital_statistics_for_Provinces__Number_and_Rate__20261002101214.xlsx,8b9281f3c3c2
KOSIS,vitales_sido_mensual,DT_1B8000G,contraste,https://kosis.kr/statHtml/statHtml.do?orgId=101&tblId=DT_1B8000G&language=en,2026-10-01,19,data/bronze/kosis/2026-10-01/estadisticas_vitales_sido_2000_2025.csv,6f0f5d10cb72
KOSIS,vitales_sigungu,DT_1B8000I,contraste,https://kosis.kr/statHtml/statHtml.do?orgId=101&tblId=DT_1B8000I&language=en,2026-10-03,19,data/bronze/kosis/2026-10-03/Vital_statistics_for_city__county__and_district__Number_and_Rate__20261003094229.xlsx,1df5e0bb935d
OECD,fecundidad,,contraste,"https://sdmx.oecd.org/public/rest/data/OECD.CFE.EDS,DSD_REG_DEMO@DF_FERTILITY,2.4/A.CTRY.KOR+JPN+USA+DEU+ITA+ESP+FRA..FERT_RATIO+LIVE_BIRTHS...",2026-10-06,1381,data/bronze/oecd/2026-10-06/fecundidad.csv,acf0f55bb6f8
OECD,fuerza_laboral,,contraste,"https://sdmx.oecd.org/public/rest/data/OECD.SDD.TPS,DSD_ALFS@DF_SUMTAB,1.0/KOR+JPN+USA+DEU+ITA+ESP+FRA.LF+EMP+UNE_LF.......A",2026-10-06,4282,data/bronze/oecd/2026-10-06/fuerza_laboral.csv,016370cc47b1
OECD,participacion_edad_sexo,,contraste,"https://sdmx.oecd.org/public/rest/data/OECD.SDD.TPS,DSD_LFS@DF_IALFS_LF_WAP_Q,1.0/KOR+OECD.LF_WAP...N....A",2026-10-06,612,data/bronze/oecd/2026-10-06/participacion_edad_sexo.csv,b5d7381b3559
OECD,productividad,,maestra,"https://sdmx.oecd.org/public/rest/data/OECD.SDD.TPS,DSD_PDB@DF_PDB,2.0/KOR+JPN+USA+DEU+ITA+ESP+FRA.A.GDPHRS._T.USD_PPP_H.LR...",2026-10-06,208,data/bronze/oecd/2026-10-06/productividad.csv,29dd26f8bc76
WB,SL.GDP.PCAP.EM.KD,,comparacion,https://api.worldbank.org/v2/country/KOR;JPN;USA;DEU;ITA;ESP;FRA;CHN;OED/indicator/SL.GDP.PCAP.EM.KD,2026-10-06,234,data/bronze/worldbank/2026-10-06/SL.GDP.PCAP.EM.KD.json,9394ace42ad5
WB,SL.TLF.CACT.ZS,,comparacion,https://api.worldbank.org/v2/country/KOR;JPN;USA;DEU;ITA;ESP;FRA;CHN;OED/indicator/SL.TLF.CACT.ZS,2026-10-06,234,data/bronze/worldbank/2026-10-06/SL.TLF.CACT.ZS.json,10cdb67fc125
WB,SP.DYN.LE00.IN,,contraste_y_comparacion,https://api.worldbank.org/v2/country/KOR;JPN;USA;DEU;ITA;ESP;FRA;CHN;OED/indicator/SP.DYN.LE00.IN,2026-10-06,234,data/bronze/worldbank/2026-10-06/SP.DYN.LE00.IN.json,30c134f96b4c
WB,SP.DYN.TFRT.IN,,contraste_y_comparacion,https://api.worldbank.org/v2/country/KOR;JPN;USA;DEU;ITA;ESP;FRA;CHN;OED/indicator/SP.DYN.TFRT.IN,2026-10-06,234,data/bronze/worldbank/2026-10-06/SP.DYN.TFRT.IN.json,c68edfcfda97
WB,SP.POP.0014.TO,,contraste_y_comparacion,https://api.worldbank.org/v2/country/KOR;JPN;USA;DEU;ITA;ESP;FRA;CHN;OED/indicator/SP.POP.0014.TO,2026-10-06,234,data/bronze/worldbank/2026-10-06/SP.POP.0014.TO.json,336adddcce46
WB,SP.POP.1564.TO,,contraste_y_comparacion,https://api.worldbank.org/v2/country/KOR;JPN;USA;DEU;ITA;ESP;FRA;CHN;OED/indicator/SP.POP.1564.TO,2026-10-06,234,data/bronze/worldbank/2026-10-06/SP.POP.1564.TO.json,686374fdd846
WB,SP.POP.65UP.TO,,contraste_y_comparacion,https://api.worldbank.org/v2/country/KOR;JPN;USA;DEU;ITA;ESP;FRA;CHN;OED/indicator/SP.POP.65UP.TO,2026-10-06,234,data/bronze/worldbank/2026-10-06/SP.POP.65UP.TO.json,34b8874f4861
WB,SP.POP.65UP.TO.ZS,,contraste_y_comparacion,https://api.worldbank.org/v2/country/KOR;JPN;USA;DEU;ITA;ESP;FRA;CHN;OED/indicator/SP.POP.65UP.TO.ZS,2026-10-06,234,data/bronze/worldbank/2026-10-06/SP.POP.65UP.TO.ZS.json,7b805acea5fb
WB,SP.POP.DPND.OL,,contraste_y_comparacion,https://api.worldbank.org/v2/country/KOR;JPN;USA;DEU;ITA;ESP;FRA;CHN;OED/indicator/SP.POP.DPND.OL,2026-10-06,234,data/bronze/worldbank/2026-10-06/SP.POP.DPND.OL.json,beab7df6a061
WB,SP.POP.TOTL,,contraste_y_comparacion,https://api.worldbank.org/v2/country/KOR;JPN;USA;DEU;ITA;ESP;FRA;CHN;OED/indicator/SP.POP.TOTL,2026-10-06,234,data/bronze/worldbank/2026-10-06/SP.POP.TOTL.json,7b665ab81f9a
