cod_territorio,tfr,prop_65mas,dep_vejez,tasa_participacion,ind_reemplazo_laboral,pob_15_64_base,pob_15_64_2052,nacimientos_2015,nacimientos_base,var_pob_15_64_2052_pct,var_nacimientos_10a_pct,z_tfr,z_prop_65mas,z_dep_vejez,z_tasa_participacion,z_ind_reemplazo_laboral,z_var_pob_15_64_2052_pct,indice_riesgo,ranking_riesgo,nivel_riesgo,anio_referencia,tipo_dato,nota
11,0.632,19.862238412728868,27.667889397883798,63.7,64.46575882438016,6704935.0,4387767.0,83005.0,45516.0,-34.55914188579009,-45.164749111499304,2.203359263544553,-0.26913179721712266,-0.4543237313289979,0.4682502025990293,-0.3757881066658348,0.03267824369927586,0.2675073457718172,8,Medio,2025,inferencia_propia,"TFR, participación y nacimientos observados; estructura por edad 2025 y 2052 de la proyección provincial KOSTAT (escenario medio). Ponderación igual de 6 componentes estandarizados."
21,0.739,24.46005778528047,36.930109394194396,60.0,54.58713630715173,2144995.0,1203117.0,26645.0,14010.0,-43.91049862587092,-47.4197785700882,1.218614668854739,0.8920234344742547,0.8604504616405805,1.7488127131850657,0.43644926148297997,0.7455102590195144,0.9836434664428557,1,Alto,2025,inferencia_propia,"TFR, participación y nacimientos observados; estructura por edad 2025 y 2052 de la proyección provincial KOSTAT (escenario medio). Ponderación igual de 6 componentes estandarizados."
22,0.806,21.164900076460622,30.83904840606268,59.9,56.76381284221006,1602196.0,890774.0,19438.0,10819.0,-44.402931975863126,-44.34098158246733,0.6019988946097145,0.05984859183337056,-0.004177003285680928,1.7834225107684727,0.25747916549402167,0.7830472995840481,0.5802699098339911,2,Alto,2025,inferencia_propia,"TFR, participación y nacimientos observados; estructura por edad 2025 y 2052 de la proyección provincial KOSTAT (escenario medio). Ponderación igual de 6 componentes estandarizados."
23,0.818,18.16148900974757,25.508298659906497,65.4,55.52008721551527,2177460.0,1568022.0,25491.0,16581.0,-27.988481992780578,-34.95351300458985,0.4915602484762782,-0.6986471624481342,-0.7608781179446995,-0.12011635631887986,0.359740429953111,-0.4681877657689233,-0.19942145400854128,11,Medio,2025,inferencia_propia,"TFR, participación y nacimientos observados; estructura por edad 2025 y 2052 de la proyección provincial KOSTAT (escenario medio). Ponderación igual de 6 componentes estandarizados."
24,0.759,17.945899610803487,25.306781359547365,62.9,71.551609911223,1025812.0,619741.0,12441.0,6495.0,-39.58532362655145,-47.7935857246202,1.0345502586323436,-0.7530931374195686,-0.789483543647676,0.7451285832662817,-0.9583989947561706,0.4158123021270089,-0.050914088632963504,10,Medio,2025,inferencia_propia,"TFR, participación y nacimientos observados; estructura por edad 2025 y 2052 de la proyección provincial KOSTAT (escenario medio). Ponderación igual de 6 componentes estandarizados."
25,0.83,18.314208465271147,25.66882624867976,63.9,76.20675545465345,1045264.0,669544.0,13774.0,7673.0,-35.94498614704037,-44.293596631334395,0.381121602342841,-0.6600786628196137,-0.7380911909376979,0.399030607432218,-1.341153083998004,0.13831790488692972,-0.3034754705155545,14,Bajo,2025,inferencia_propia,"TFR, participación y nacimientos observados; estructura por edad 2025 y 2052 de la proyección provincial KOSTAT (escenario medio). Ponderación igual de 6 componentes estandarizados."
26,0.919,17.8263790196177,25.184444909268855,61.3,48.44027213859388,774486.0,406735.0,11732.0,5574.0,-47.483234041674095,-52.48891919536312,-0.43796502314681846,-0.7832774375203365,-0.8068492300327716,1.298885344600784,0.9418550269052675,1.017851509325719,0.20508336502197397,9,Medio,2025,inferencia_propia,"TFR, participación y nacimientos observados; estructura por edad 2025 y 2052 de la proyección provincial KOSTAT (escenario medio). Ponderación igual de 6 componentes estandarizados."
29,1.061,11.59592687692861,16.285221838422796,66.2,97.74092452337425,283134.0,315533.0,2708.0,2954.0,11.44299165766034,9.08419497784343,-1.7448223357258235,-2.356745535130993,-2.070095928522821,-0.3969947369861298,-3.111729576737264,-3.473956619481558,-2.192390788764098,17,Bajo,2025,inferencia_propia,"TFR, participación y nacimientos observados; estructura por edad 2025 y 2052 de la proyección provincial KOSTAT (escenario medio). Ponderación igual de 6 componentes estandarizados."
31,0.84,17.022555442283675,23.713752972418554,65.6,59.097104222933694,10012890.0,7441706.0,113495.0,76309.0,-25.678740104005936,-32.76443896206881,0.2890893972316433,-0.9862788772355081,-1.0156142782770843,-0.18933595148568866,0.0656319269850034,-0.6442539785343846,-0.4134602935526699,15,Bajo,2025,inferencia_propia,"TFR, participación y nacimientos observados; estructura por edad 2025 y 2052 de la proyección provincial KOSTAT (escenario medio). Ponderación igual de 6 componentes estandarizados."
32,0.911,25.67272569085135,39.5562623834521,66.1,52.01128989243489,984681.0,658925.0,10929.0,6677.0,-33.08238911891262,-38.90566383017659,-0.3643392590578603,1.1982763706517843,1.233233463819463,-0.3623849394027205,0.6482397929053874,-0.07989115988588824,0.37885571150502767,6,Alto,2025,inferencia_propia,"TFR, participación y nacimientos observados; estructura por edad 2025 y 2052 de la proyección provincial KOSTAT (escenario medio). Ponderación igual de 6 componentes estandarizados."
33,0.96,21.850794145164315,32.129643653043125,68.3,55.52308298413381,1109256.0,761023.0,13563.0,8229.0,-31.3933843945852,-39.327582393275826,-0.815297064102728,0.23306755102432114,0.17902327968913367,-1.1238004862376614,0.35949411269439785,-0.20864003290955957,-0.22935877330701604,12,Bajo,2025,inferencia_propia,"TFR, participación y nacimientos observados; estructura por edad 2025 y 2052 de la proyección provincial KOSTAT (escenario medio). Ponderación igual de 6 componentes estandarizados."
34,0.921,21.823547330231566,32.24168304849064,67.4,62.68732902789137,1508786.0,1070049.0,18604.0,10242.0,-29.078809055757414,-44.94732315631047,-0.456371464169058,0.22618651043909035,0.1949272968458181,-0.8123123079870072,-0.22956254385905198,-0.3850746882484461,-0.24370119949644245,13,Bajo,2025,inferencia_propia,"TFR, participación y nacimientos observados; estructura por edad 2025 y 2052 de la proyección provincial KOSTAT (escenario medio). Ponderación igual de 6 componentes estandarizados."
35,0.847,25.36765337256496,38.996713203944154,65.1,59.13426364991194,1136365.0,671200.0,14087.0,7045.0,-40.93447087863494,-49.989351884716406,0.22466685365380493,1.121231952478855,1.1538053330681537,-0.016286963568656842,0.06257661485843037,0.5186546362820551,0.5107747377954404,4,Alto,2025,inferencia_propia,"TFR, participación y nacimientos observados; estructura por edad 2025 y 2052 de la proyección provincial KOSTAT (escenario medio). Ponderación igual de 6 componentes estandarizados."
36,1.094,27.374723373620014,43.60835766686206,67.6,46.89422658127793,1096909.0,658371.0,15061.0,8719.0,-39.97943311614728,-42.10875771861098,-2.048528612592777,1.6281069824134373,1.8084292924872443,-0.8815319031538159,1.0689735570771033,0.4458543451731601,0.336883943567392,7,Medio,2025,inferencia_propia,"TFR, participación y nacimientos observados; estructura por edad 2025 y 2052 de la proyección provincial KOSTAT (escenario medio). Ponderación igual de 6 componentes estandarizados."
37,0.927,26.12155566979023,40.46214839402894,66.5,49.70207755723076,1667776.0,961653.0,22310.0,10417.0,-42.33919902912622,-53.30793366203497,-0.5115907872357766,1.3116260340370134,1.361824184937404,-0.5008241297363479,0.8381072107940518,0.6257337721041278,0.5208127141500788,3,Alto,2025,inferencia_propia,"TFR, participación y nacimientos observados; estructura por edad 2025 y 2052 de la proyección provincial KOSTAT (escenario medio). Ponderación igual de 6 componentes estandarizados."
38,0.88,22.17366862146848,32.966852913832305,64.6,49.633849795378936,2172740.0,1186342.0,29537.0,13802.0,-45.39880519528337,-53.272167112435255,-0.07903942321314746,0.3146078110828924,0.29786532086708106,0.15676202434837497,0.8437170149569866,0.8589603819029087,0.3988121883241827,5,Alto,2025,inferencia_propia,"TFR, participación y nacimientos observados; estructura por edad 2025 y 2052 de la proyección provincial KOSTAT (escenario medio). Ponderación igual de 6 componentes estandarizados."
39,0.87,19.03628255472271,27.69802758199033,71.4,58.261117550735044,464506.0,325615.0,5600.0,3279.0,-29.90079783684172,-41.44642857142857,0.012992781898050237,-0.4777226286437494,-0.45004560937745497,-2.1967042113232615,0.1343681919095817,-0.32241640927598914,-0.5499213141354705,16,Bajo,2025,inferencia_propia,"TFR, participación y nacimientos observados; estructura por edad 2025 y 2052 de la proyección provincial KOSTAT (escenario medio). Ponderación igual de 6 componentes estandarizados."
