cod_supuesto,variante,es_base,fuerza_laboral_2025,fuerza_laboral_2050,var_2050_pct,var_2072_pct,tipo_dato
A_constante,base,True,29606821.0,26135624.82746642,-11.724312355364253,-33.65917608036406,escenario_propio
B_tendencia,base,True,29606821.0,28153435.27376805,-4.908955697175155,-27.834914578531578,escenario_propio
C_convergencia_ocde,base,True,29606821.0,26116738.022105698,-11.788104430037604,-33.61625666021237,escenario_propio
D_brecha_genero,base,True,29606821.0,27919077.06007303,-5.700524010757424,-29.135395950755537,escenario_propio
B_tendencia,tope_pp = 5,False,29606821.0,27365785.555346206,-7.569321423106501,-30.036912878634446,escenario_propio
B_tendencia,tope_pp = 15,False,29606821.0,28314518.83831678,-4.364879841990533,-27.42352078618633,escenario_propio
B_tendencia,horizonte_tendencia = 2030,False,29606821.0,27227032.05604336,-8.037975248867957,-30.536693561436014,escenario_propio
B_tendencia,horizonte_tendencia = 2040,False,29606821.0,28468544.020361744,-3.8446443798821117,-26.887936031835558,escenario_propio
C_convergencia_ocde,anio_convergencia = 2040,False,29606821.0,26116738.022105698,-11.788104430037604,-33.61625666021237,escenario_propio
C_convergencia_ocde,anio_convergencia = 2060,False,29606821.0,26122134.252208762,-11.769878122988075,-33.61625666021237,escenario_propio
D_brecha_genero,fraccion_cierre = 0.25,False,29606821.0,27027350.943769727,-8.712418183060834,-31.3972860155598,escenario_propio
D_brecha_genero,fraccion_cierre = 1.0,False,29606821.0,29702529.292679638,0.32326433384941566,-24.611615821147016,escenario_propio
