nivel,cod_indicador,cod_territorio,celdas_esperadas,celdas_observadas,celdas_con_proyeccion,anios_faltantes
nacional,NACIMIENTOS,00,26,26,26,
nacional,TFR,00,26,26,26,
nacional,DEFUNCIONES,00,26,26,26,
nacional,ESPERANZA_VIDA,00,26,25,25,2025
nacional,POBLACION,00,26,23,26,"2023, 2024, 2025"
nacional,PROP_65MAS,00,26,23,26,"2023, 2024, 2025"
nacional,DEP_VEJEZ,00,26,23,26,"2023, 2024, 2025"
nacional,POB_ACTIVA,00,26,26,26,
nacional,TASA_PARTICIPACION,00,26,26,26,
nacional,TASA_DESEMPLEO,00,26,26,26,
regional,NACIMIENTOS,11,26,26,26,
regional,NACIMIENTOS,21,26,26,26,
regional,NACIMIENTOS,22,26,26,26,
regional,NACIMIENTOS,23,26,26,26,
regional,NACIMIENTOS,24,26,26,26,
regional,NACIMIENTOS,25,26,26,26,
regional,NACIMIENTOS,26,26,26,26,
regional,NACIMIENTOS,29,14,14,14,
regional,NACIMIENTOS,31,26,26,26,
regional,NACIMIENTOS,32,26,26,26,
regional,NACIMIENTOS,33,26,26,26,
regional,NACIMIENTOS,34,26,26,26,
regional,NACIMIENTOS,35,26,26,26,
regional,NACIMIENTOS,36,26,26,26,
regional,NACIMIENTOS,37,26,26,26,
regional,NACIMIENTOS,38,26,26,26,
regional,NACIMIENTOS,39,26,26,26,
regional,TFR,11,26,26,26,
regional,TFR,21,26,26,26,
regional,TFR,22,26,26,26,
regional,TFR,23,26,26,26,
regional,TFR,24,26,26,26,
regional,TFR,25,26,26,26,
regional,TFR,26,26,26,26,
regional,TFR,29,14,14,14,
regional,TFR,31,26,26,26,
regional,TFR,32,26,26,26,
regional,TFR,33,26,26,26,
regional,TFR,34,26,26,26,
regional,TFR,35,26,26,26,
regional,TFR,36,26,26,26,
regional,TFR,37,26,26,26,
regional,TFR,38,26,26,26,
regional,TFR,39,26,26,26,
regional,POBLACION,11,26,23,26,"2023, 2024, 2025"
regional,POBLACION,21,26,23,26,"2023, 2024, 2025"
regional,POBLACION,22,26,23,26,"2023, 2024, 2025"
regional,POBLACION,23,26,23,26,"2023, 2024, 2025"
regional,POBLACION,24,26,23,26,"2023, 2024, 2025"
regional,POBLACION,25,26,23,26,"2023, 2024, 2025"
regional,POBLACION,26,26,23,26,"2023, 2024, 2025"
regional,POBLACION,29,14,11,14,"2023, 2024, 2025"
regional,POBLACION,31,26,23,26,"2023, 2024, 2025"
regional,POBLACION,32,26,23,26,"2023, 2024, 2025"
regional,POBLACION,33,26,23,26,"2023, 2024, 2025"
regional,POBLACION,34,26,23,26,"2023, 2024, 2025"
regional,POBLACION,35,26,23,26,"2023, 2024, 2025"
regional,POBLACION,36,26,23,26,"2023, 2024, 2025"
regional,POBLACION,37,26,23,26,"2023, 2024, 2025"
regional,POBLACION,38,26,23,26,"2023, 2024, 2025"
regional,POBLACION,39,26,23,26,"2023, 2024, 2025"
regional,TASA_PARTICIPACION,11,26,26,26,
regional,TASA_PARTICIPACION,21,26,26,26,
regional,TASA_PARTICIPACION,22,26,26,26,
regional,TASA_PARTICIPACION,23,26,26,26,
regional,TASA_PARTICIPACION,24,26,26,26,
regional,TASA_PARTICIPACION,25,26,26,26,
regional,TASA_PARTICIPACION,26,26,26,26,
regional,TASA_PARTICIPACION,29,9,9,9,
regional,TASA_PARTICIPACION,31,26,26,26,
regional,TASA_PARTICIPACION,32,26,26,26,
regional,TASA_PARTICIPACION,33,26,26,26,
regional,TASA_PARTICIPACION,34,26,26,26,
regional,TASA_PARTICIPACION,35,26,26,26,
regional,TASA_PARTICIPACION,36,26,26,26,
regional,TASA_PARTICIPACION,37,26,26,26,
regional,TASA_PARTICIPACION,38,26,26,26,
regional,TASA_PARTICIPACION,39,26,26,26,
