objetivo_cod,eje,objetivo,kr,kpi,meta,valor,cumple,interpretacion,tabla_gold,tipo_kpi,formula
O1,Diagnóstico,Diagnosticar la magnitud de la caída de la natalidad y del envejecimiento (1970-2025),KR1.1,Serie demográfica y laboral integrada: nacional 1970-2025 y 17 si-do 2000-2025,completitud ≥ 95 % nacional y ≥ 90 % regional,96.2 % / 97.0 %,True,celdas con dato / esperadas (Sejong desde 2012; EAPS Sejong desde 2017),kpi_completitud,resultado,
O1,Diagnóstico,Diagnosticar la magnitud de la caída de la natalidad y del envejecimiento (1970-2025),KR1.2,"Indicadores de natalidad y envejecimiento con fórmula única, validados contra KOSTAT",6 indicadores · diferencia ≤ 1 %,6 · 0.37 %,True,"dependencia (juvenil, vejez, total), índice de envejecimiento, % 15-64, % 65+ vs resumen oficial 2022-2072",fact_conciliacion,resultado,
O1,Diagnóstico,Diagnosticar la magnitud de la caída de la natalidad y del envejecimiento (1970-2025),KR1.3,Brecha de Corea frente a la OCDE cuantificada,≥ 5 países de comparación,8 + Corea,True,"TFR Corea 0,80 vs OCDE 1,48: 46 % por debajo",fact_comparacion_internacional,resultado,
O2,Impacto laboral,"Dimensionar el impacto sobre la fuerza laboral futura (2025-2072), separando proyección oficial y escenarios propios",KR2.1,Escenarios oficiales KOSTAT integrados sin modificar y separados del histórico,100 % de registros con escenario y edición,29 escenarios · 100 %,True,2023-2072 nacional y 2023-2052 provincial; el histórico no contiene proyecciones,fact_indicador_proyeccion,resultado,
O2,Impacto laboral,"Dimensionar el impacto sobre la fuerza laboral futura (2025-2072), separando proyección oficial y escenarios propios",KR2.2,Escenarios propios de fuerza laboral con supuestos explícitos y calibrados,3 supuestos · calibración 2025 ≤ ±5 %,3 · +1.51 %,True,A constante · B tendencia 2015-2025 · C cierre 50 % brecha de género,fact_fuerza_laboral_escenario,resultado,
O2,Impacto laboral,"Dimensionar el impacto sobre la fuerza laboral futura (2025-2072), separando proyección oficial y escenarios propios",KR2.3,Pérdida de población en edad de trabajar y de fuerza laboral a 2050 cuantificada con rango,rango en todos los escenarios,"15-64: -36,4 % a -27,4 %",True,"fuerza laboral potencial (medio): A -12,2 %; B -5,5 %; C -6,4 %",fact_indicador_proyeccion,resultado,
O3,Decisión,Orientar la decisión pública: dónde y con qué palancas actuar,KR3.1,Riesgo demográfico-laboral medido para todas las regiones,17 de 17 si-do,17 de 17 · 6 en riesgo alto,True,"índice de 6 componentes (inferencia propia, ponderación igual)",fact_riesgo_regional,resultado,
O3,Decisión,Orientar la decisión pública: dónde y con qué palancas actuar,KR3.2,"Palancas de política cuantificadas (natalidad, migración, participación)",3 de 3 palancas,3 de 3,True,"efecto a 2050: fecundidad alta +1,4 pp en Pob 15-64 · migración alta vs cero +7,7 pp · participación B vs A +6,7 pp en fuerza laboral",fact_indicador_proyeccion / fact_fuerza_laboral_escenario,resultado,
O3,Decisión,Orientar la decisión pública: dónde y con qué palancas actuar,KR3.3,Tablero de Power BI que responde las 10 preguntas de negocio,10 de 10 preguntas,10 de 10 · 8 páginas,True,"../powerbi/ETL_Corea_Grupo6.pbix (portada, natalidad, envejecimiento, fuerza laboral, regiones, OCDE, calidad)",capa Gold completa,resultado,
O4,Calidad del dato,"Habilitador: garantizar datos confiables, trazables y reproducibles",KR4.1,Registros válidos tras las reglas de calidad,≥ 98.0 %,99.96 %,True,registros que pasan todas las reglas / evaluados,kpi_calidad_dataset,calidad,
O4,Calidad del dato,"Habilitador: garantizar datos confiables, trazables y reproducibles",KR4.2,Rechazos con motivo trazado,≤ 2.0 % y 100 % trazados,0.04 % · 100 %,True,reemplaza el KPI «0 % inconsistencias» (retroalimentación),ctl_rechazos,calidad,
O4,Calidad del dato,"Habilitador: garantizar datos confiables, trazables y reproducibles",KR4.3,Coherencia entre fuente maestra y fuentes de contraste,≥ 90.0 % de pares ≤ ±3 %,100.0 %,True,"8950 pares; externos (WB/OECD) 100 %, dif. máx 2.8 %",fact_conciliacion,calidad,
O4,Calidad del dato,"Habilitador: garantizar datos confiables, trazables y reproducibles",KR4.4,Fuentes institucionales integradas y ejecuciones sin fallo técnico,≥ 3 fuentes · ≥ 95.0 % ejecuciones,3 · 100 %,True,"KOSTAT/KOSIS, OECD, World Bank",dim_fuente / ctl_log_cargas,calidad,
