codigo,eje,indicador,formula,fuente,tipo_dato,anio,valor,valor_texto,unidad,referencia,semaforo,lectura
KPI-01,Natalidad,Tasa global de fecundidad,publicado por KOSTAT,KOSIS DT_1B8000F,observado,2025,0.799,"0,80",hijos por mujer,"reemplazo 2,1 · OCDE 1,48 (2024)",Crítico,"38 % del nivel de reemplazo; fecundidad «muy baja» (< 1,3) desde 2002"
KPI-02,Natalidad,Variación de nacimientos desde 2000,(N_t / N_2000 − 1) × 100,KOSIS DT_1B8000F,calculado,2025,-60.265,"-60,3",%,0 % (nivel de 2000),Crítico,640.089 → 254.341 nacidos vivos
KPI-03,Natalidad,Crecimiento natural,nacimientos − defunciones,KOSIS DT_1B8000F,observado,2025,-108627.0,-108.627,personas,0 (equilibrio),Crítico,negativo desde 2020: la población ya decrece por dinámica natural
KPI-04,Envejecimiento,Esperanza de vida al nacer,publicado por KOSTAT,KOSIS DT_1B8000F,observado,2024,83.7,"83,7",años,"OCDE 80,4 (2024)",Contexto,+21 años desde 1970: más años en edad de jubilación
KPI-05,Envejecimiento,Población de 65 y más,P65+ / P × 100,KOSTAT (cálculo del pipeline),proyeccion_oficial,2025,20.342,"20,3",%,ONU: ≥ 14 % envejecida · ≥ 20 % superenvejecida,Crítico,umbral de sociedad superenvejecida (20 %) superado en 2025; 40 % en 2050
KPI-06,Envejecimiento,Dependencia de vejez,P65+ / P15-64 × 100,KOSTAT (cálculo del pipeline),proyeccion_oficial,2025,29.277,"29,3",por 100 en edad de trabajar,"OCDE 29,5 (2025)",Crítico,"hoy al nivel OCDE; 77 en 2050 (×2,6 el promedio OCDE actual)"
KPI-07,Fuerza laboral,Variación de la población 15-64 a 2050,(P15-64_2050 / P15-64_2025 − 1) × 100,KOSTAT 2022-2072 (medio),proyeccion_oficial,2050,-31.923,"-31,9",%,0 % (sin pérdida),Crítico,"35,9 M → 24,4 M; entre −27 % y −36 % en los 29 escenarios"
KPI-08,Fuerza laboral,Índice de reemplazo laboral,P15-24 / P55-64 × 100,KOSTAT (cálculo del pipeline),proyeccion_oficial,2025,58.325,58,jóvenes por 100 próximos a retiro,100 (reemplazo completo),Crítico,"entran 0,6 jóvenes por cada persona que se acerca al retiro"
KPI-09,Fuerza laboral,Tasa de participación laboral (15+),PEA / P15+ × 100,KOSIS EAPS,observado,2025,64.7,"64,7",%,"OCDE 60,6 (2025, modelado OIT)",Normal,por encima del promedio OCDE: margen limitado para compensar con más participación total
KPI-10,Fuerza laboral,Brecha de género en participación,TP hombres − TP mujeres,KOSIS EAPS,calculado,2025,15.8,"15,8",puntos porcentuales,≤ 10 pp,Alerta,"hombres 72,7 % vs mujeres 56,9 %: principal palanca de participación"
KPI-11,Fuerza laboral,Variación de la fuerza laboral potencial a 2050,Σ P_proy × TP_supuesta; (2050/2025 − 1) × 100,KOSTAT + EAPS (escenario propio),escenario_propio,2050,-11.724,"-11,7",%,0 % (sin pérdida),Crítico,"A -11,7 % · B -4,9 % · C -11,8 % · D -5,7 % (no es pronóstico)"
KPI-12,Territorio,Si-do en riesgo demográfico-laboral alto,nº de si-do en el tercil superior del índice,KOSIS/KOSTAT (inferencia propia),inferencia_propia,2025,6.0,6,de 17 si-do,—,Alerta,"mayor riesgo: Busan, Daegu, Gyeongsangbuk-do"
KPI-13,Contexto,Población extranjera residente,extranjeros / población censada × 100,KOSIS DT_1IN1502,calculado,2025,4.07,"4,1",%,—,Contexto,"1,4 M (2016) → 2,1 M (2025): la migración ya amortigua la caída"
KPI-14,Contexto,PIB por hora trabajada,publicado por la OCDE,OECD DF_PDB,observado,2025,53.444,"53,4",USD PPA constantes,—,Contexto,+174 % desde 2000: la productividad es la otra vía de compensación
