dataset,registros_evaluados,registros_validos,registros_rechazados,rechazos_trazados,tasa_validos_pct,tasa_rechazo_pct,rechazos_trazados_pct,cumple_validos,cumple_rechazo
OECD/fecundidad/NACIMIENTOS,176,176,0,0.0,100.0,0.0,100.0,True,True
OECD/fecundidad/TFR,173,173,0,0.0,100.0,0.0,100.0,True,True
OECD/fuerza_laboral/OCUPADOS,181,181,0,0.0,100.0,0.0,100.0,True,True
OECD/fuerza_laboral/POB_ACTIVA,181,181,0,0.0,100.0,0.0,100.0,True,True
OECD/fuerza_laboral/TASA_DESEMPLEO,181,181,0,0.0,100.0,0.0,100.0,True,True
OECD/participacion_edad_sexo/TASA_PARTICIPACION,84,84,0,0.0,100.0,0.0,100.0,True,True
OECD/productividad/PIB_HORA,182,182,0,0.0,100.0,0.0,100.0,True,True
WB/SL.GDP.PCAP.EM.KD,234,234,0,0.0,100.0,0.0,100.0,True,True
WB/SL.TLF.CACT.ZS,234,234,0,0.0,100.0,0.0,100.0,True,True
WB/SP.DYN.LE00.IN,225,225,0,0.0,100.0,0.0,100.0,True,True
WB/SP.DYN.TFRT.IN,225,225,0,0.0,100.0,0.0,100.0,True,True
WB/SP.POP.0014.TO,234,234,0,0.0,100.0,0.0,100.0,True,True
WB/SP.POP.1564.TO,234,234,0,0.0,100.0,0.0,100.0,True,True
WB/SP.POP.65UP.TO,234,234,0,0.0,100.0,0.0,100.0,True,True
WB/SP.POP.65UP.TO.ZS,234,234,0,0.0,100.0,0.0,100.0,True,True
WB/SP.POP.DPND.OL,234,234,0,0.0,100.0,0.0,100.0,True,True
WB/SP.POP.TOTL,234,234,0,0.0,100.0,0.0,100.0,True,True
censo_historico,11703,11703,0,0.0,100.0,0.0,100.0,True,True
censo_registros,1330,1260,70,70.0,94.737,5.263,100.0,False,False
eaps_sexo_edad,6240,6240,0,0.0,100.0,0.0,100.0,True,True
eaps_sido,4068,4059,9,9.0,99.779,0.221,100.0,True,True
nacimientos_sexo,3492,3492,0,0.0,100.0,0.0,100.0,True,True
poblacion_nacional,4161,4161,0,0.0,100.0,0.0,100.0,True,True
poblacion_sido,53694,53694,0,0.0,100.0,0.0,100.0,True,True
proyeccion_escenarios,81396,81396,0,0.0,100.0,0.0,100.0,True,True
proyeccion_resumen,561,561,0,0.0,100.0,0.0,100.0,True,True
tfr_sido,3648,3648,0,0.0,100.0,0.0,100.0,True,True
vitales_nacional,862,862,0,0.0,100.0,0.0,100.0,True,True
vitales_nacional_repo,104,104,0,0.0,100.0,0.0,100.0,True,True
vitales_sido,5980,5980,0,0.0,100.0,0.0,100.0,True,True
vitales_sido_mensual,1371,1368,3,3.0,99.781,0.219,100.0,True,True
vitales_sigungu,4560,4560,0,0.0,100.0,0.0,100.0,True,True
