STRUCTURE,STRUCTURE_ID,STRUCTURE_NAME,ACTION,REF_AREA,Reference area,FREQ,Frequency of observation,MEASURE,Measure,ACTIVITY,Economic activity,UNIT_MEASURE,Unit of measure,PRICE_BASE,Price base,TRANSFORMATION,Transformation,ASSET_CODE,Asset type,CONVERSION_TYPE,Conversion type,TIME_PERIOD,Time period,OBS_VALUE,Observation value,OBS_STATUS,Observation status,UNIT_MULT,Unit multiplier,BASE_PER,Base period,DECIMALS,Decimals
DATAFLOW,OECD.SDD.TPS:DSD_PDB@DF_PDB(2.0),Productivity database,I,KOR,Korea,A,Annual,GDPHRS,GDP per hour worked,_T,Total - all activities,USD_PPP_H,"US dollars per hour, PPP converted",LR,Chain linked volume (rebased),N,Non transformed data,_Z,Not applicable,PPP,PPP converted,2023,,51.07553647092985,,A,Normal value,0,Units,2020,,2,Two
DATAFLOW,OECD.SDD.TPS:DSD_PDB@DF_PDB(2.0),Productivity database,I,JPN,Japan,A,Annual,GDPHRS,GDP per hour worked,_T,Total - all activities,USD_PPP_H,"US dollars per hour, PPP converted",LR,Chain linked volume (rebased),N,Non transformed data,_Z,Not applicable,PPP,PPP converted,2009,,44.84894694007969,,A,Normal value,0,Units,2020,,2,Two
DATAFLOW,OECD.SDD.TPS:DSD_PDB@DF_PDB(2.0),Productivity database,I,KOR,Korea,A,Annual,GDPHRS,GDP per hour worked,_T,Total - all activities,USD_PPP_H,"US dollars per hour, PPP converted",LR,Chain linked volume (rebased),N,Non transformed data,_Z,Not applicable,PPP,PPP converted,2008,,32.373823692215254,,A,Normal value,0,Units,2020,,2,Two
DATAFLOW,OECD.SDD.TPS:DSD_PDB@DF_PDB(2.0),Productivity database,I,USA,United States,A,Annual,GDPHRS,GDP per hour worked,_T,Total - all activities,USD_PPP_H,"US dollars per hour, PPP converted",LR,Chain linked volume (rebased),GY,"Growth rate, over 1 year",_Z,Not applicable,PPP,PPP converted,2002,,3.0553244946400993,,A,Normal value,0,Units,2020,,2,Two
DATAFLOW,OECD.SDD.TPS:DSD_PDB@DF_PDB(2.0),Productivity database,I,USA,United States,A,Annual,GDPHRS,GDP per hour worked,_T,Total - all activities,USD_PPP_H,"US dollars per hour, PPP converted",LR,Chain linked volume (rebased),GY,"Growth rate, over 1 year",_Z,Not applicable,PPP,PPP converted,2003,,3.330977303639293,,A,Normal value,0,Units,2020,,2,Two
DATAFLOW,OECD.SDD.TPS:DSD_PDB@DF_PDB(2.0),Productivity database,I,FRA,France,A,Annual,GDPHRS,GDP per hour worked,_T,Total - all activities,USD_PPP_H,"US dollars per hour, PPP converted",LR,Chain linked volume (rebased),N,Non transformed data,_Z,Not applicable,PPP,PPP converted,2010,,77.81385562854614,,A,Normal value,0,Units,2020,,2,Two
DATAFLOW,OECD.SDD.TPS:DSD_PDB@DF_PDB(2.0),Productivity database,I,FRA,France,A,Annual,GDPHRS,GDP per hour worked,_T,Total - all activities,USD_PPP_H,"US dollars per hour, PPP converted",LR,Chain linked volume (rebased),N,Non transformed data,_Z,Not applicable,PPP,PPP converted,2011,,78.811589430579,,A,Normal value,0,Units,2020,,2,Two
DATAFLOW,OECD.SDD.TPS:DSD_PDB@DF_PDB(2.0),Productivity database,I,FRA,France,A,Annual,GDPHRS,GDP per hour worked,_T,Total - all activities,USD_PPP_H,"US dollars per hour, PPP converted",LR,Chain linked volume (rebased),N,Non transformed data,_Z,Not applicable,PPP,PPP converted,2012,,78.97430583045598,,A,Normal value,0,Units,2020,,2,Two
DATAFLOW,OECD.SDD.TPS:DSD_PDB@DF_PDB(2.0),Productivity database,I,FRA,France,A,Annual,GDPHRS,GDP per hour worked,_T,Total - all activities,USD_PPP_H,"US dollars per hour, PPP converted",LR,Chain linked volume (rebased),N,Non transformed data,_Z,Not applicable,PPP,PPP converted,2013,,80.23517213741316,,A,Normal value,0,Units,2020,,2,Two
DATAFLOW,OECD.SDD.TPS:DSD_PDB@DF_PDB(2.0),Productivity database,I,FRA,France,A,Annual,GDPHRS,GDP per hour worked,_T,Total - all activities,USD_PPP_H,"US dollars per hour, PPP converted",LR,Chain linked volume (rebased),N,Non transformed data,_Z,Not applicable,PPP,PPP converted,2014,,81.06834397348099,,A,Normal value,0,Units,2020,,2,Two
DATAFLOW,OECD.SDD.TPS:DSD_PDB@DF_PDB(2.0),Productivity database,I,FRA,France,A,Annual,GDPHRS,GDP per hour worked,_T,Total - all activities,USD_PPP_H,"US dollars per hour, PPP converted",LR,Chain linked volume (rebased),N,Non transformed data,_Z,Not applicable,PPP,PPP converted,2024,,81.8754364544778,,A,Normal value,0,Units,2020,,2,Two
DATAFLOW,OECD.SDD.TPS:DSD_PDB@DF_PDB(2.0),Productivity database,I,FRA,France,A,Annual,GDPHRS,GDP per hour worked,_T,Total - all activities,USD_PPP_H,"US dollars per hour, PPP converted",LR,Chain linked volume (rebased),N,Non transformed data,_Z,Not applicable,PPP,PPP converted,2025,,83.10261007795228,,A,Normal value,0,Units,2020,,2,Two
DATAFLOW,OECD.SDD.TPS:DSD_PDB@DF_PDB(2.0),Productivity database,I,FRA,France,A,Annual,GDPHRS,GDP per hour worked,_T,Total - all activities,USD_PPP_H,"US dollars per hour, PPP converted",LR,Chain linked volume (rebased),N,Non transformed data,_Z,Not applicable,PPP,PPP converted,2017,,83.29117929744258,,A,Normal value,0,Units,2020,,2,Two
DATAFLOW,OECD.SDD.TPS:DSD_PDB@DF_PDB(2.0),Productivity database,I,JPN,Japan,A,Annual,GDPHRS,GDP per hour worked,_T,Total - all activities,USD_PPP_H,"US dollars per hour, PPP converted",LR,Chain linked volume (rebased),N,Non transformed data,_Z,Not applicable,PPP,PPP converted,2005,,45.12357445779913,,A,Normal value,0,Units,2020,,2,Two
DATAFLOW,OECD.SDD.TPS:DSD_PDB@DF_PDB(2.0),Productivity database,I,JPN,Japan,A,Annual,GDPHRS,GDP per hour worked,_T,Total - all activities,USD_PPP_H,"US dollars per hour, PPP converted",LR,Chain linked volume (rebased),N,Non transformed data,_Z,Not applicable,PPP,PPP converted,2006,,45.273998930935875,,A,Normal value,0,Units,2020,,2,Two
DATAFLOW,OECD.SDD.TPS:DSD_PDB@DF_PDB(2.0),Productivity database,I,FRA,France,A,Annual,GDPHRS,GDP per hour worked,_T,Total - all activities,USD_PPP_H,"US dollars per hour, PPP converted",LR,Chain linked volume (rebased),N,Non transformed data,_Z,Not applicable,PPP,PPP converted,2006,,78.22168055906144,,A,Normal value,0,Units,2020,,2,Two
DATAFLOW,OECD.SDD.TPS:DSD_PDB@DF_PDB(2.0),Productivity database,I,FRA,France,A,Annual,GDPHRS,GDP per hour worked,_T,Total - all activities,USD_PPP_H,"US dollars per hour, PPP converted",LR,Chain linked volume (rebased),N,Non transformed data,_Z,Not applicable,PPP,PPP converted,2007,,77.9266586670877,,A,Normal value,0,Units,2020,,2,Two
DATAFLOW,OECD.SDD.TPS:DSD_PDB@DF_PDB(2.0),Productivity database,I,FRA,France,A,Annual,GDPHRS,GDP per hour worked,_T,Total - all activities,USD_PPP_H,"US dollars per hour, PPP converted",LR,Chain linked volume (rebased),N,Non transformed data,_Z,Not applicable,PPP,PPP converted,2008,,77.49189671770928,,A,Normal value,0,Units,2020,,2,Two
DATAFLOW,OECD.SDD.TPS:DSD_PDB@DF_PDB(2.0),Productivity database,I,FRA,France,A,Annual,GDPHRS,GDP per hour worked,_T,Total - all activities,USD_PPP_H,"US dollars per hour, PPP converted",LR,Chain linked volume (rebased),N,Non transformed data,_Z,Not applicable,PPP,PPP converted,2009,,76.74852498734224,,A,Normal value,0,Units,2020,,2,Two
DATAFLOW,OECD.SDD.TPS:DSD_PDB@DF_PDB(2.0),Productivity database,I,FRA,France,A,Annual,GDPHRS,GDP per hour worked,_T,Total - all activities,USD_PPP_H,"US dollars per hour, PPP converted",LR,Chain linked volume (rebased),N,Non transformed data,_Z,Not applicable,PPP,PPP converted,2019,,83.81363260592403,,A,Normal value,0,Units,2020,,2,Two
DATAFLOW,OECD.SDD.TPS:DSD_PDB@DF_PDB(2.0),Productivity database,I,FRA,France,A,Annual,GDPHRS,GDP per hour worked,_T,Total - all activities,USD_PPP_H,"US dollars per hour, PPP converted",LR,Chain linked volume (rebased),N,Non transformed data,_Z,Not applicable,PPP,PPP converted,2020,,83.95951431576162,,A,Normal value,0,Units,2020,,2,Two
DATAFLOW,OECD.SDD.TPS:DSD_PDB@DF_PDB(2.0),Productivity database,I,FRA,France,A,Annual,GDPHRS,GDP per hour worked,_T,Total - all activities,USD_PPP_H,"US dollars per hour, PPP converted",LR,Chain linked volume (rebased),N,Non transformed data,_Z,Not applicable,PPP,PPP converted,2021,,82.81808739196273,,A,Normal value,0,Units,2020,,2,Two
DATAFLOW,OECD.SDD.TPS:DSD_PDB@DF_PDB(2.0),Productivity database,I,FRA,France,A,Annual,GDPHRS,GDP per hour worked,_T,Total - all activities,USD_PPP_H,"US dollars per hour, PPP converted",LR,Chain linked volume (rebased),N,Non transformed data,_Z,Not applicable,PPP,PPP converted,2022,,81.543252586781,,A,Normal value,0,Units,2020,,2,Two
DATAFLOW,OECD.SDD.TPS:DSD_PDB@DF_PDB(2.0),Productivity database,I,FRA,France,A,Annual,GDPHRS,GDP per hour worked,_T,Total - all activities,USD_PPP_H,"US dollars per hour, PPP converted",LR,Chain linked volume (rebased),N,Non transformed data,_Z,Not applicable,PPP,PPP converted,2015,,81.73116069123681,,A,Normal value,0,Units,2020,,2,Two
DATAFLOW,OECD.SDD.TPS:DSD_PDB@DF_PDB(2.0),Productivity database,I,FRA,France,A,Annual,GDPHRS,GDP per hour worked,_T,Total - all activities,USD_PPP_H,"US dollars per hour, PPP converted",LR,Chain linked volume (rebased),N,Non transformed data,_Z,Not applicable,PPP,PPP converted,2016,,81.69313590322001,,A,Normal value,0,Units,2020,,2,Two
DATAFLOW,OECD.SDD.TPS:DSD_PDB@DF_PDB(2.0),Productivity database,I,DEU,Germany,A,Annual,GDPHRS,GDP per hour worked,_T,Total - all activities,USD_PPP_H,"US dollars per hour, PPP converted",LR,Chain linked volume (rebased),N,Non transformed data,_Z,Not applicable,PPP,PPP converted,2007,,75.10936102755076,,A,Normal value,0,Units,2020,,2,Two
DATAFLOW,OECD.SDD.TPS:DSD_PDB@DF_PDB(2.0),Productivity database,I,DEU,Germany,A,Annual,GDPHRS,GDP per hour worked,_T,Total - all activities,USD_PPP_H,"US dollars per hour, PPP converted",LR,Chain linked volume (rebased),N,Non transformed data,_Z,Not applicable,PPP,PPP converted,2008,,75.07854620181247,,A,Normal value,0,Units,2020,,2,Two
DATAFLOW,OECD.SDD.TPS:DSD_PDB@DF_PDB(2.0),Productivity database,I,DEU,Germany,A,Annual,GDPHRS,GDP per hour worked,_T,Total - all activities,USD_PPP_H,"US dollars per hour, PPP converted",LR,Chain linked volume (rebased),N,Non transformed data,_Z,Not applicable,PPP,PPP converted,2021,,83.9727840718923,,A,Normal value,0,Units,2020,,2,Two
DATAFLOW,OECD.SDD.TPS:DSD_PDB@DF_PDB(2.0),Productivity database,I,DEU,Germany,A,Annual,GDPHRS,GDP per hour worked,_T,Total - all activities,USD_PPP_H,"US dollars per hour, PPP converted",LR,Chain linked volume (rebased),N,Non transformed data,_Z,Not applicable,PPP,PPP converted,2022,,83.97513027183969,,A,Normal value,0,Units,2020,,2,Two
DATAFLOW,OECD.SDD.TPS:DSD_PDB@DF_PDB(2.0),Productivity database,I,DEU,Germany,A,Annual,GDPHRS,GDP per hour worked,_T,Total - all activities,USD_PPP_H,"US dollars per hour, PPP converted",LR,Chain linked volume (rebased),N,Non transformed data,_Z,Not applicable,PPP,PPP converted,2023,,83.10763430695744,,A,Normal value,0,Units,2020,,2,Two
DATAFLOW,OECD.SDD.TPS:DSD_PDB@DF_PDB(2.0),Productivity database,I,DEU,Germany,A,Annual,GDPHRS,GDP per hour worked,_T,Total - all activities,USD_PPP_H,"US dollars per hour, PPP converted",LR,Chain linked volume (rebased),N,Non transformed data,_Z,Not applicable,PPP,PPP converted,2024,,82.4085240343554,,A,Normal value,0,Units,2020,,2,Two
DATAFLOW,OECD.SDD.TPS:DSD_PDB@DF_PDB(2.0),Productivity database,I,DEU,Germany,A,Annual,GDPHRS,GDP per hour worked,_T,Total - all activities,USD_PPP_H,"US dollars per hour, PPP converted",LR,Chain linked volume (rebased),N,Non transformed data,_Z,Not applicable,PPP,PPP converted,2025,,83.2750405959417,,A,Normal value,0,Units,2020,,2,Two
DATAFLOW,OECD.SDD.TPS:DSD_PDB@DF_PDB(2.0),Productivity database,I,DEU,Germany,A,Annual,GDPHRS,GDP per hour worked,_T,Total - all activities,USD_PPP_H,"US dollars per hour, PPP converted",LR,Chain linked volume (rebased),N,Non transformed data,_Z,Not applicable,PPP,PPP converted,2009,,72.84565511113227,,A,Normal value,0,Units,2020,,2,Two
DATAFLOW,OECD.SDD.TPS:DSD_PDB@DF_PDB(2.0),Productivity database,I,DEU,Germany,A,Annual,GDPHRS,GDP per hour worked,_T,Total - all activities,USD_PPP_H,"US dollars per hour, PPP converted",LR,Chain linked volume (rebased),N,Non transformed data,_Z,Not applicable,PPP,PPP converted,2010,,74.51070894319314,,A,Normal value,0,Units,2020,,2,Two
DATAFLOW,OECD.SDD.TPS:DSD_PDB@DF_PDB(2.0),Productivity database,I,USA,United States,A,Annual,GDPHRS,GDP per hour worked,_T,Total - all activities,USD_PPP_H,"US dollars per hour, PPP converted",LR,Chain linked volume (rebased),GY,"Growth rate, over 1 year",_Z,Not applicable,PPP,PPP converted,2022,,-0.5137084919513146,,A,Normal value,0,Units,2020,,2,Two
DATAFLOW,OECD.SDD.TPS:DSD_PDB@DF_PDB(2.0),Productivity database,I,USA,United States,A,Annual,GDPHRS,GDP per hour worked,_T,Total - all activities,USD_PPP_H,"US dollars per hour, PPP converted",LR,Chain linked volume (rebased),GY,"Growth rate, over 1 year",_Z,Not applicable,PPP,PPP converted,2023,,1.4394656832729558,,A,Normal value,0,Units,2020,,2,Two
DATAFLOW,OECD.SDD.TPS:DSD_PDB@DF_PDB(2.0),Productivity database,I,FRA,France,A,Annual,GDPHRS,GDP per hour worked,_T,Total - all activities,USD_PPP_H,"US dollars per hour, PPP converted",LR,Chain linked volume (rebased),N,Non transformed data,_Z,Not applicable,PPP,PPP converted,2023,,81.85086254594643,,A,Normal value,0,Units,2020,,2,Two
DATAFLOW,OECD.SDD.TPS:DSD_PDB@DF_PDB(2.0),Productivity database,I,DEU,Germany,A,Annual,GDPHRS,GDP per hour worked,_T,Total - all activities,USD_PPP_H,"US dollars per hour, PPP converted",LR,Chain linked volume (rebased),N,Non transformed data,_Z,Not applicable,PPP,PPP converted,2020,,82.65223590207722,,A,Normal value,0,Units,2020,,2,Two
DATAFLOW,OECD.SDD.TPS:DSD_PDB@DF_PDB(2.0),Productivity database,I,DEU,Germany,A,Annual,GDPHRS,GDP per hour worked,_T,Total - all activities,USD_PPP_H,"US dollars per hour, PPP converted",LR,Chain linked volume (rebased),N,Non transformed data,_Z,Not applicable,PPP,PPP converted,2000,,68.29297618603118,,A,Normal value,0,Units,2020,,2,Two
DATAFLOW,OECD.SDD.TPS:DSD_PDB@DF_PDB(2.0),Productivity database,I,DEU,Germany,A,Annual,GDPHRS,GDP per hour worked,_T,Total - all activities,USD_PPP_H,"US dollars per hour, PPP converted",LR,Chain linked volume (rebased),N,Non transformed data,_Z,Not applicable,PPP,PPP converted,2001,,69.9465824014914,,A,Normal value,0,Units,2020,,2,Two
DATAFLOW,OECD.SDD.TPS:DSD_PDB@DF_PDB(2.0),Productivity database,I,DEU,Germany,A,Annual,GDPHRS,GDP per hour worked,_T,Total - all activities,USD_PPP_H,"US dollars per hour, PPP converted",LR,Chain linked volume (rebased),N,Non transformed data,_Z,Not applicable,PPP,PPP converted,2002,,70.55939841508766,,A,Normal value,0,Units,2020,,2,Two
DATAFLOW,OECD.SDD.TPS:DSD_PDB@DF_PDB(2.0),Productivity database,I,DEU,Germany,A,Annual,GDPHRS,GDP per hour worked,_T,Total - all activities,USD_PPP_H,"US dollars per hour, PPP converted",LR,Chain linked volume (rebased),N,Non transformed data,_Z,Not applicable,PPP,PPP converted,2003,,71.21017565772989,,A,Normal value,0,Units,2020,,2,Two
DATAFLOW,OECD.SDD.TPS:DSD_PDB@DF_PDB(2.0),Productivity database,I,DEU,Germany,A,Annual,GDPHRS,GDP per hour worked,_T,Total - all activities,USD_PPP_H,"US dollars per hour, PPP converted",LR,Chain linked volume (rebased),N,Non transformed data,_Z,Not applicable,PPP,PPP converted,2004,,71.83148150365264,,A,Normal value,0,Units,2020,,2,Two
DATAFLOW,OECD.SDD.TPS:DSD_PDB@DF_PDB(2.0),Productivity database,I,DEU,Germany,A,Annual,GDPHRS,GDP per hour worked,_T,Total - all activities,USD_PPP_H,"US dollars per hour, PPP converted",LR,Chain linked volume (rebased),N,Non transformed data,_Z,Not applicable,PPP,PPP converted,2005,,73.1010904359657,,A,Normal value,0,Units,2020,,2,Two
DATAFLOW,OECD.SDD.TPS:DSD_PDB@DF_PDB(2.0),Productivity database,I,ITA,Italy,A,Annual,GDPHRS,GDP per hour worked,_T,Total - all activities,USD_PPP_H,"US dollars per hour, PPP converted",LR,Chain linked volume (rebased),N,Non transformed data,_Z,Not applicable,PPP,PPP converted,2007,,67.49626019589228,,A,Normal value,0,Units,2020,,2,Two
DATAFLOW,OECD.SDD.TPS:DSD_PDB@DF_PDB(2.0),Productivity database,I,ITA,Italy,A,Annual,GDPHRS,GDP per hour worked,_T,Total - all activities,USD_PPP_H,"US dollars per hour, PPP converted",LR,Chain linked volume (rebased),N,Non transformed data,_Z,Not applicable,PPP,PPP converted,2008,,67.0636161855458,,A,Normal value,0,Units,2020,,2,Two
DATAFLOW,OECD.SDD.TPS:DSD_PDB@DF_PDB(2.0),Productivity database,I,ITA,Italy,A,Annual,GDPHRS,GDP per hour worked,_T,Total - all activities,USD_PPP_H,"US dollars per hour, PPP converted",LR,Chain linked volume (rebased),N,Non transformed data,_Z,Not applicable,PPP,PPP converted,2021,,69.42722176184205,,A,Normal value,0,Units,2020,,2,Two
DATAFLOW,OECD.SDD.TPS:DSD_PDB@DF_PDB(2.0),Productivity database,I,ITA,Italy,A,Annual,GDPHRS,GDP per hour worked,_T,Total - all activities,USD_PPP_H,"US dollars per hour, PPP converted",LR,Chain linked volume (rebased),N,Non transformed data,_Z,Not applicable,PPP,PPP converted,2022,,69.79050708167054,,A,Normal value,0,Units,2020,,2,Two
DATAFLOW,OECD.SDD.TPS:DSD_PDB@DF_PDB(2.0),Productivity database,I,ITA,Italy,A,Annual,GDPHRS,GDP per hour worked,_T,Total - all activities,USD_PPP_H,"US dollars per hour, PPP converted",LR,Chain linked volume (rebased),N,Non transformed data,_Z,Not applicable,PPP,PPP converted,2023,,68.30283242300081,,A,Normal value,0,Units,2020,,2,Two
DATAFLOW,OECD.SDD.TPS:DSD_PDB@DF_PDB(2.0),Productivity database,I,ITA,Italy,A,Annual,GDPHRS,GDP per hour worked,_T,Total - all activities,USD_PPP_H,"US dollars per hour, PPP converted",LR,Chain linked volume (rebased),N,Non transformed data,_Z,Not applicable,PPP,PPP converted,2024,,67.36957591271715,,A,Normal value,0,Units,2020,,2,Two
DATAFLOW,OECD.SDD.TPS:DSD_PDB@DF_PDB(2.0),Productivity database,I,ITA,Italy,A,Annual,GDPHRS,GDP per hour worked,_T,Total - all activities,USD_PPP_H,"US dollars per hour, PPP converted",LR,Chain linked volume (rebased),N,Non transformed data,_Z,Not applicable,PPP,PPP converted,2025,,66.98313889999356,,A,Normal value,0,Units,2020,,2,Two
DATAFLOW,OECD.SDD.TPS:DSD_PDB@DF_PDB(2.0),Productivity database,I,ITA,Italy,A,Annual,GDPHRS,GDP per hour worked,_T,Total - all activities,USD_PPP_H,"US dollars per hour, PPP converted",LR,Chain linked volume (rebased),N,Non transformed data,_Z,Not applicable,PPP,PPP converted,2009,,65.80490375124009,,A,Normal value,0,Units,2020,,2,Two
DATAFLOW,OECD.SDD.TPS:DSD_PDB@DF_PDB(2.0),Productivity database,I,ITA,Italy,A,Annual,GDPHRS,GDP per hour worked,_T,Total - all activities,USD_PPP_H,"US dollars per hour, PPP converted",LR,Chain linked volume (rebased),N,Non transformed data,_Z,Not applicable,PPP,PPP converted,2010,,67.17140219696785,,A,Normal value,0,Units,2020,,2,Two
DATAFLOW,OECD.SDD.TPS:DSD_PDB@DF_PDB(2.0),Productivity database,I,ITA,Italy,A,Annual,GDPHRS,GDP per hour worked,_T,Total - all activities,USD_PPP_H,"US dollars per hour, PPP converted",LR,Chain linked volume (rebased),N,Non transformed data,_Z,Not applicable,PPP,PPP converted,2011,,67.63713473239079,,A,Normal value,0,Units,2020,,2,Two
DATAFLOW,OECD.SDD.TPS:DSD_PDB@DF_PDB(2.0),Productivity database,I,ITA,Italy,A,Annual,GDPHRS,GDP per hour worked,_T,Total - all activities,USD_PPP_H,"US dollars per hour, PPP converted",LR,Chain linked volume (rebased),N,Non transformed data,_Z,Not applicable,PPP,PPP converted,2012,,67.17115018280685,,A,Normal value,0,Units,2020,,2,Two
DATAFLOW,OECD.SDD.TPS:DSD_PDB@DF_PDB(2.0),Productivity database,I,ITA,Italy,A,Annual,GDPHRS,GDP per hour worked,_T,Total - all activities,USD_PPP_H,"US dollars per hour, PPP converted",LR,Chain linked volume (rebased),N,Non transformed data,_Z,Not applicable,PPP,PPP converted,2013,,67.69873721954146,,A,Normal value,0,Units,2020,,2,Two
DATAFLOW,OECD.SDD.TPS:DSD_PDB@DF_PDB(2.0),Productivity database,I,ITA,Italy,A,Annual,GDPHRS,GDP per hour worked,_T,Total - all activities,USD_PPP_H,"US dollars per hour, PPP converted",LR,Chain linked volume (rebased),N,Non transformed data,_Z,Not applicable,PPP,PPP converted,2014,,67.77012315759262,,A,Normal value,0,Units,2020,,2,Two
DATAFLOW,OECD.SDD.TPS:DSD_PDB@DF_PDB(2.0),Productivity database,I,ITA,Italy,A,Annual,GDPHRS,GDP per hour worked,_T,Total - all activities,USD_PPP_H,"US dollars per hour, PPP converted",LR,Chain linked volume (rebased),N,Non transformed data,_Z,Not applicable,PPP,PPP converted,2015,,67.82566265754191,,A,Normal value,0,Units,2020,,2,Two
DATAFLOW,OECD.SDD.TPS:DSD_PDB@DF_PDB(2.0),Productivity database,I,ITA,Italy,A,Annual,GDPHRS,GDP per hour worked,_T,Total - all activities,USD_PPP_H,"US dollars per hour, PPP converted",LR,Chain linked volume (rebased),N,Non transformed data,_Z,Not applicable,PPP,PPP converted,2016,,67.53337132490735,,A,Normal value,0,Units,2020,,2,Two
DATAFLOW,OECD.SDD.TPS:DSD_PDB@DF_PDB(2.0),Productivity database,I,ITA,Italy,A,Annual,GDPHRS,GDP per hour worked,_T,Total - all activities,USD_PPP_H,"US dollars per hour, PPP converted",LR,Chain linked volume (rebased),N,Non transformed data,_Z,Not applicable,PPP,PPP converted,2017,,67.8767283646889,,A,Normal value,0,Units,2020,,2,Two
DATAFLOW,OECD.SDD.TPS:DSD_PDB@DF_PDB(2.0),Productivity database,I,ITA,Italy,A,Annual,GDPHRS,GDP per hour worked,_T,Total - all activities,USD_PPP_H,"US dollars per hour, PPP converted",LR,Chain linked volume (rebased),N,Non transformed data,_Z,Not applicable,PPP,PPP converted,2018,,67.76842027398187,,A,Normal value,0,Units,2020,,2,Two
DATAFLOW,OECD.SDD.TPS:DSD_PDB@DF_PDB(2.0),Productivity database,I,ITA,Italy,A,Annual,GDPHRS,GDP per hour worked,_T,Total - all activities,USD_PPP_H,"US dollars per hour, PPP converted",LR,Chain linked volume (rebased),N,Non transformed data,_Z,Not applicable,PPP,PPP converted,2019,,68.03534927882014,,A,Normal value,0,Units,2020,,2,Two
DATAFLOW,OECD.SDD.TPS:DSD_PDB@DF_PDB(2.0),Productivity database,I,ITA,Italy,A,Annual,GDPHRS,GDP per hour worked,_T,Total - all activities,USD_PPP_H,"US dollars per hour, PPP converted",LR,Chain linked volume (rebased),N,Non transformed data,_Z,Not applicable,PPP,PPP converted,2020,,70.26163800588736,,A,Normal value,0,Units,2020,,2,Two
DATAFLOW,OECD.SDD.TPS:DSD_PDB@DF_PDB(2.0),Productivity database,I,ITA,Italy,A,Annual,GDPHRS,GDP per hour worked,_T,Total - all activities,USD_PPP_H,"US dollars per hour, PPP converted",LR,Chain linked volume (rebased),N,Non transformed data,_Z,Not applicable,PPP,PPP converted,2000,,67.16512449079146,,A,Normal value,0,Units,2020,,2,Two
DATAFLOW,OECD.SDD.TPS:DSD_PDB@DF_PDB(2.0),Productivity database,I,ITA,Italy,A,Annual,GDPHRS,GDP per hour worked,_T,Total - all activities,USD_PPP_H,"US dollars per hour, PPP converted",LR,Chain linked volume (rebased),N,Non transformed data,_Z,Not applicable,PPP,PPP converted,2001,,67.58306687026923,,A,Normal value,0,Units,2020,,2,Two
DATAFLOW,OECD.SDD.TPS:DSD_PDB@DF_PDB(2.0),Productivity database,I,ITA,Italy,A,Annual,GDPHRS,GDP per hour worked,_T,Total - all activities,USD_PPP_H,"US dollars per hour, PPP converted",LR,Chain linked volume (rebased),N,Non transformed data,_Z,Not applicable,PPP,PPP converted,2002,,67.19499341185916,,A,Normal value,0,Units,2020,,2,Two
DATAFLOW,OECD.SDD.TPS:DSD_PDB@DF_PDB(2.0),Productivity database,I,ITA,Italy,A,Annual,GDPHRS,GDP per hour worked,_T,Total - all activities,USD_PPP_H,"US dollars per hour, PPP converted",LR,Chain linked volume (rebased),N,Non transformed data,_Z,Not applicable,PPP,PPP converted,2003,,66.7800038204098,,A,Normal value,0,Units,2020,,2,Two
DATAFLOW,OECD.SDD.TPS:DSD_PDB@DF_PDB(2.0),Productivity database,I,ITA,Italy,A,Annual,GDPHRS,GDP per hour worked,_T,Total - all activities,USD_PPP_H,"US dollars per hour, PPP converted",LR,Chain linked volume (rebased),N,Non transformed data,_Z,Not applicable,PPP,PPP converted,2004,,67.41801202469392,,A,Normal value,0,Units,2020,,2,Two
DATAFLOW,OECD.SDD.TPS:DSD_PDB@DF_PDB(2.0),Productivity database,I,ITA,Italy,A,Annual,GDPHRS,GDP per hour worked,_T,Total - all activities,USD_PPP_H,"US dollars per hour, PPP converted",LR,Chain linked volume (rebased),N,Non transformed data,_Z,Not applicable,PPP,PPP converted,2005,,67.7277008231044,,A,Normal value,0,Units,2020,,2,Two
DATAFLOW,OECD.SDD.TPS:DSD_PDB@DF_PDB(2.0),Productivity database,I,JPN,Japan,A,Annual,GDPHRS,GDP per hour worked,_T,Total - all activities,USD_PPP_H,"US dollars per hour, PPP converted",LR,Chain linked volume (rebased),N,Non transformed data,_Z,Not applicable,PPP,PPP converted,2010,,46.25265014943387,,A,Normal value,0,Units,2020,,2,Two
DATAFLOW,OECD.SDD.TPS:DSD_PDB@DF_PDB(2.0),Productivity database,I,JPN,Japan,A,Annual,GDPHRS,GDP per hour worked,_T,Total - all activities,USD_PPP_H,"US dollars per hour, PPP converted",LR,Chain linked volume (rebased),N,Non transformed data,_Z,Not applicable,PPP,PPP converted,2011,,46.43946431096342,,A,Normal value,0,Units,2020,,2,Two
DATAFLOW,OECD.SDD.TPS:DSD_PDB@DF_PDB(2.0),Productivity database,I,JPN,Japan,A,Annual,GDPHRS,GDP per hour worked,_T,Total - all activities,USD_PPP_H,"US dollars per hour, PPP converted",LR,Chain linked volume (rebased),N,Non transformed data,_Z,Not applicable,PPP,PPP converted,2017,,50.17980225240411,,A,Normal value,0,Units,2020,,2,Two
DATAFLOW,OECD.SDD.TPS:DSD_PDB@DF_PDB(2.0),Productivity database,I,JPN,Japan,A,Annual,GDPHRS,GDP per hour worked,_T,Total - all activities,USD_PPP_H,"US dollars per hour, PPP converted",LR,Chain linked volume (rebased),N,Non transformed data,_Z,Not applicable,PPP,PPP converted,2025,,53.022775754308675,,A,Normal value,0,Units,2020,,2,Two
DATAFLOW,OECD.SDD.TPS:DSD_PDB@DF_PDB(2.0),Productivity database,I,JPN,Japan,A,Annual,GDPHRS,GDP per hour worked,_T,Total - all activities,USD_PPP_H,"US dollars per hour, PPP converted",LR,Chain linked volume (rebased),N,Non transformed data,_Z,Not applicable,PPP,PPP converted,2000,,41.559204913530195,,A,Normal value,0,Units,2020,,2,Two
DATAFLOW,OECD.SDD.TPS:DSD_PDB@DF_PDB(2.0),Productivity database,I,JPN,Japan,A,Annual,GDPHRS,GDP per hour worked,_T,Total - all activities,USD_PPP_H,"US dollars per hour, PPP converted",LR,Chain linked volume (rebased),N,Non transformed data,_Z,Not applicable,PPP,PPP converted,2001,,42.107983656919785,,A,Normal value,0,Units,2020,,2,Two
DATAFLOW,OECD.SDD.TPS:DSD_PDB@DF_PDB(2.0),Productivity database,I,JPN,Japan,A,Annual,GDPHRS,GDP per hour worked,_T,Total - all activities,USD_PPP_H,"US dollars per hour, PPP converted",LR,Chain linked volume (rebased),N,Non transformed data,_Z,Not applicable,PPP,PPP converted,2002,,42.90235970738663,,A,Normal value,0,Units,2020,,2,Two
DATAFLOW,OECD.SDD.TPS:DSD_PDB@DF_PDB(2.0),Productivity database,I,JPN,Japan,A,Annual,GDPHRS,GDP per hour worked,_T,Total - all activities,USD_PPP_H,"US dollars per hour, PPP converted",LR,Chain linked volume (rebased),N,Non transformed data,_Z,Not applicable,PPP,PPP converted,2013,,48.12281467815092,,A,Normal value,0,Units,2020,,2,Two
DATAFLOW,OECD.SDD.TPS:DSD_PDB@DF_PDB(2.0),Productivity database,I,JPN,Japan,A,Annual,GDPHRS,GDP per hour worked,_T,Total - all activities,USD_PPP_H,"US dollars per hour, PPP converted",LR,Chain linked volume (rebased),N,Non transformed data,_Z,Not applicable,PPP,PPP converted,2014,,48.50120274020391,,A,Normal value,0,Units,2020,,2,Two
DATAFLOW,OECD.SDD.TPS:DSD_PDB@DF_PDB(2.0),Productivity database,I,JPN,Japan,A,Annual,GDPHRS,GDP per hour worked,_T,Total - all activities,USD_PPP_H,"US dollars per hour, PPP converted",LR,Chain linked volume (rebased),N,Non transformed data,_Z,Not applicable,PPP,PPP converted,2015,,49.5954923573493,,A,Normal value,0,Units,2020,,2,Two
DATAFLOW,OECD.SDD.TPS:DSD_PDB@DF_PDB(2.0),Productivity database,I,JPN,Japan,A,Annual,GDPHRS,GDP per hour worked,_T,Total - all activities,USD_PPP_H,"US dollars per hour, PPP converted",LR,Chain linked volume (rebased),N,Non transformed data,_Z,Not applicable,PPP,PPP converted,2016,,49.67983444304112,,A,Normal value,0,Units,2020,,2,Two
DATAFLOW,OECD.SDD.TPS:DSD_PDB@DF_PDB(2.0),Productivity database,I,DEU,Germany,A,Annual,GDPHRS,GDP per hour worked,_T,Total - all activities,USD_PPP_H,"US dollars per hour, PPP converted",LR,Chain linked volume (rebased),N,Non transformed data,_Z,Not applicable,PPP,PPP converted,2006,,74.31408067634331,,A,Normal value,0,Units,2020,,2,Two
DATAFLOW,OECD.SDD.TPS:DSD_PDB@DF_PDB(2.0),Productivity database,I,ITA,Italy,A,Annual,GDPHRS,GDP per hour worked,_T,Total - all activities,USD_PPP_H,"US dollars per hour, PPP converted",LR,Chain linked volume (rebased),N,Non transformed data,_Z,Not applicable,PPP,PPP converted,2006,,67.55802518231854,,A,Normal value,0,Units,2020,,2,Two
DATAFLOW,OECD.SDD.TPS:DSD_PDB@DF_PDB(2.0),Productivity database,I,FRA,France,A,Annual,GDPHRS,GDP per hour worked,_T,Total - all activities,USD_PPP_H,"US dollars per hour, PPP converted",LR,Chain linked volume (rebased),N,Non transformed data,_Z,Not applicable,PPP,PPP converted,2004,,75.37076786195182,,A,Normal value,0,Units,2020,,2,Two
DATAFLOW,OECD.SDD.TPS:DSD_PDB@DF_PDB(2.0),Productivity database,I,FRA,France,A,Annual,GDPHRS,GDP per hour worked,_T,Total - all activities,USD_PPP_H,"US dollars per hour, PPP converted",LR,Chain linked volume (rebased),N,Non transformed data,_Z,Not applicable,PPP,PPP converted,2005,,76.20907723785491,,A,Normal value,0,Units,2020,,2,Two
DATAFLOW,OECD.SDD.TPS:DSD_PDB@DF_PDB(2.0),Productivity database,I,KOR,Korea,A,Annual,GDPHRS,GDP per hour worked,_T,Total - all activities,USD_PPP_H,"US dollars per hour, PPP converted",LR,Chain linked volume (rebased),N,Non transformed data,_Z,Not applicable,PPP,PPP converted,2024,,52.003054189060705,,A,Normal value,0,Units,2020,,2,Two
DATAFLOW,OECD.SDD.TPS:DSD_PDB@DF_PDB(2.0),Productivity database,I,KOR,Korea,A,Annual,GDPHRS,GDP per hour worked,_T,Total - all activities,USD_PPP_H,"US dollars per hour, PPP converted",LR,Chain linked volume (rebased),N,Non transformed data,_Z,Not applicable,PPP,PPP converted,2004,,25.08119756422927,,A,Normal value,0,Units,2020,,2,Two
DATAFLOW,OECD.SDD.TPS:DSD_PDB@DF_PDB(2.0),Productivity database,I,KOR,Korea,A,Annual,GDPHRS,GDP per hour worked,_T,Total - all activities,USD_PPP_H,"US dollars per hour, PPP converted",LR,Chain linked volume (rebased),N,Non transformed data,_Z,Not applicable,PPP,PPP converted,2007,,30.243790654969175,,A,Normal value,0,Units,2020,,2,Two
DATAFLOW,OECD.SDD.TPS:DSD_PDB@DF_PDB(2.0),Productivity database,I,KOR,Korea,A,Annual,GDPHRS,GDP per hour worked,_T,Total - all activities,USD_PPP_H,"US dollars per hour, PPP converted",LR,Chain linked volume (rebased),N,Non transformed data,_Z,Not applicable,PPP,PPP converted,2025,,53.4437338114227,,A,Normal value,0,Units,2020,,2,Two
DATAFLOW,OECD.SDD.TPS:DSD_PDB@DF_PDB(2.0),Productivity database,I,KOR,Korea,A,Annual,GDPHRS,GDP per hour worked,_T,Total - all activities,USD_PPP_H,"US dollars per hour, PPP converted",LR,Chain linked volume (rebased),N,Non transformed data,_Z,Not applicable,PPP,PPP converted,2011,,37.74355848110639,,A,Normal value,0,Units,2020,,2,Two
DATAFLOW,OECD.SDD.TPS:DSD_PDB@DF_PDB(2.0),Productivity database,I,KOR,Korea,A,Annual,GDPHRS,GDP per hour worked,_T,Total - all activities,USD_PPP_H,"US dollars per hour, PPP converted",LR,Chain linked volume (rebased),N,Non transformed data,_Z,Not applicable,PPP,PPP converted,2012,,38.34598043038958,,A,Normal value,0,Units,2020,,2,Two
DATAFLOW,OECD.SDD.TPS:DSD_PDB@DF_PDB(2.0),Productivity database,I,KOR,Korea,A,Annual,GDPHRS,GDP per hour worked,_T,Total - all activities,USD_PPP_H,"US dollars per hour, PPP converted",LR,Chain linked volume (rebased),N,Non transformed data,_Z,Not applicable,PPP,PPP converted,2016,,42.03072439640671,,A,Normal value,0,Units,2020,,2,Two
DATAFLOW,OECD.SDD.TPS:DSD_PDB@DF_PDB(2.0),Productivity database,I,KOR,Korea,A,Annual,GDPHRS,GDP per hour worked,_T,Total - all activities,USD_PPP_H,"US dollars per hour, PPP converted",LR,Chain linked volume (rebased),N,Non transformed data,_Z,Not applicable,PPP,PPP converted,2017,,44.024533172895936,,A,Normal value,0,Units,2020,,2,Two
DATAFLOW,OECD.SDD.TPS:DSD_PDB@DF_PDB(2.0),Productivity database,I,KOR,Korea,A,Annual,GDPHRS,GDP per hour worked,_T,Total - all activities,USD_PPP_H,"US dollars per hour, PPP converted",LR,Chain linked volume (rebased),N,Non transformed data,_Z,Not applicable,PPP,PPP converted,2021,,49.982185580928984,,A,Normal value,0,Units,2020,,2,Two
DATAFLOW,OECD.SDD.TPS:DSD_PDB@DF_PDB(2.0),Productivity database,I,KOR,Korea,A,Annual,GDPHRS,GDP per hour worked,_T,Total - all activities,USD_PPP_H,"US dollars per hour, PPP converted",LR,Chain linked volume (rebased),N,Non transformed data,_Z,Not applicable,PPP,PPP converted,2013,,39.3284567340569,,A,Normal value,0,Units,2020,,2,Two
DATAFLOW,OECD.SDD.TPS:DSD_PDB@DF_PDB(2.0),Productivity database,I,KOR,Korea,A,Annual,GDPHRS,GDP per hour worked,_T,Total - all activities,USD_PPP_H,"US dollars per hour, PPP converted",LR,Chain linked volume (rebased),N,Non transformed data,_Z,Not applicable,PPP,PPP converted,2014,,40.22897536368683,,A,Normal value,0,Units,2020,,2,Two
DATAFLOW,OECD.SDD.TPS:DSD_PDB@DF_PDB(2.0),Productivity database,I,KOR,Korea,A,Annual,GDPHRS,GDP per hour worked,_T,Total - all activities,USD_PPP_H,"US dollars per hour, PPP converted",LR,Chain linked volume (rebased),N,Non transformed data,_Z,Not applicable,PPP,PPP converted,2015,,40.82243320070815,,A,Normal value,0,Units,2020,,2,Two
DATAFLOW,OECD.SDD.TPS:DSD_PDB@DF_PDB(2.0),Productivity database,I,KOR,Korea,A,Annual,GDPHRS,GDP per hour worked,_T,Total - all activities,USD_PPP_H,"US dollars per hour, PPP converted",LR,Chain linked volume (rebased),N,Non transformed data,_Z,Not applicable,PPP,PPP converted,2018,,45.84885092953972,,A,Normal value,0,Units,2020,,2,Two
DATAFLOW,OECD.SDD.TPS:DSD_PDB@DF_PDB(2.0),Productivity database,I,KOR,Korea,A,Annual,GDPHRS,GDP per hour worked,_T,Total - all activities,USD_PPP_H,"US dollars per hour, PPP converted",LR,Chain linked volume (rebased),N,Non transformed data,_Z,Not applicable,PPP,PPP converted,2019,,47.00325357796071,,A,Normal value,0,Units,2020,,2,Two
DATAFLOW,OECD.SDD.TPS:DSD_PDB@DF_PDB(2.0),Productivity database,I,KOR,Korea,A,Annual,GDPHRS,GDP per hour worked,_T,Total - all activities,USD_PPP_H,"US dollars per hour, PPP converted",LR,Chain linked volume (rebased),N,Non transformed data,_Z,Not applicable,PPP,PPP converted,2020,,48.50871298442307,,A,Normal value,0,Units,2020,,2,Two
DATAFLOW,OECD.SDD.TPS:DSD_PDB@DF_PDB(2.0),Productivity database,I,KOR,Korea,A,Annual,GDPHRS,GDP per hour worked,_T,Total - all activities,USD_PPP_H,"US dollars per hour, PPP converted",LR,Chain linked volume (rebased),N,Non transformed data,_Z,Not applicable,PPP,PPP converted,2022,,50.115665319839216,,A,Normal value,0,Units,2020,,2,Two
DATAFLOW,OECD.SDD.TPS:DSD_PDB@DF_PDB(2.0),Productivity database,I,KOR,Korea,A,Annual,GDPHRS,GDP per hour worked,_T,Total - all activities,USD_PPP_H,"US dollars per hour, PPP converted",LR,Chain linked volume (rebased),N,Non transformed data,_Z,Not applicable,PPP,PPP converted,2000,,19.522798554740376,,A,Normal value,0,Units,2020,,2,Two
DATAFLOW,OECD.SDD.TPS:DSD_PDB@DF_PDB(2.0),Productivity database,I,KOR,Korea,A,Annual,GDPHRS,GDP per hour worked,_T,Total - all activities,USD_PPP_H,"US dollars per hour, PPP converted",LR,Chain linked volume (rebased),N,Non transformed data,_Z,Not applicable,PPP,PPP converted,2001,,20.55179125797526,,A,Normal value,0,Units,2020,,2,Two
DATAFLOW,OECD.SDD.TPS:DSD_PDB@DF_PDB(2.0),Productivity database,I,KOR,Korea,A,Annual,GDPHRS,GDP per hour worked,_T,Total - all activities,USD_PPP_H,"US dollars per hour, PPP converted",LR,Chain linked volume (rebased),N,Non transformed data,_Z,Not applicable,PPP,PPP converted,2002,,22.45786092798952,,A,Normal value,0,Units,2020,,2,Two
DATAFLOW,OECD.SDD.TPS:DSD_PDB@DF_PDB(2.0),Productivity database,I,KOR,Korea,A,Annual,GDPHRS,GDP per hour worked,_T,Total - all activities,USD_PPP_H,"US dollars per hour, PPP converted",LR,Chain linked volume (rebased),N,Non transformed data,_Z,Not applicable,PPP,PPP converted,2003,,23.530362393489817,,A,Normal value,0,Units,2020,,2,Two
DATAFLOW,OECD.SDD.TPS:DSD_PDB@DF_PDB(2.0),Productivity database,I,KOR,Korea,A,Annual,GDPHRS,GDP per hour worked,_T,Total - all activities,USD_PPP_H,"US dollars per hour, PPP converted",LR,Chain linked volume (rebased),N,Non transformed data,_Z,Not applicable,PPP,PPP converted,2005,,26.63075665154755,,A,Normal value,0,Units,2020,,2,Two
DATAFLOW,OECD.SDD.TPS:DSD_PDB@DF_PDB(2.0),Productivity database,I,KOR,Korea,A,Annual,GDPHRS,GDP per hour worked,_T,Total - all activities,USD_PPP_H,"US dollars per hour, PPP converted",LR,Chain linked volume (rebased),N,Non transformed data,_Z,Not applicable,PPP,PPP converted,2006,,28.087280109581673,,A,Normal value,0,Units,2020,,2,Two
DATAFLOW,OECD.SDD.TPS:DSD_PDB@DF_PDB(2.0),Productivity database,I,ESP,Spain,A,Annual,GDPHRS,GDP per hour worked,_T,Total - all activities,USD_PPP_H,"US dollars per hour, PPP converted",LR,Chain linked volume (rebased),N,Non transformed data,_Z,Not applicable,PPP,PPP converted,2007,,53.72197481533554,,A,Normal value,0,Units,2020,,2,Two
DATAFLOW,OECD.SDD.TPS:DSD_PDB@DF_PDB(2.0),Productivity database,I,ESP,Spain,A,Annual,GDPHRS,GDP per hour worked,_T,Total - all activities,USD_PPP_H,"US dollars per hour, PPP converted",LR,Chain linked volume (rebased),N,Non transformed data,_Z,Not applicable,PPP,PPP converted,2008,,53.77092922242792,,A,Normal value,0,Units,2020,,2,Two
DATAFLOW,OECD.SDD.TPS:DSD_PDB@DF_PDB(2.0),Productivity database,I,ESP,Spain,A,Annual,GDPHRS,GDP per hour worked,_T,Total - all activities,USD_PPP_H,"US dollars per hour, PPP converted",LR,Chain linked volume (rebased),N,Non transformed data,_Z,Not applicable,PPP,PPP converted,2023,,61.2280745349131,,A,Normal value,0,Units,2020,,2,Two
DATAFLOW,OECD.SDD.TPS:DSD_PDB@DF_PDB(2.0),Productivity database,I,ESP,Spain,A,Annual,GDPHRS,GDP per hour worked,_T,Total - all activities,USD_PPP_H,"US dollars per hour, PPP converted",LR,Chain linked volume (rebased),N,Non transformed data,_Z,Not applicable,PPP,PPP converted,2024,,61.960142203687006,,A,Normal value,0,Units,2020,,2,Two
DATAFLOW,OECD.SDD.TPS:DSD_PDB@DF_PDB(2.0),Productivity database,I,ESP,Spain,A,Annual,GDPHRS,GDP per hour worked,_T,Total - all activities,USD_PPP_H,"US dollars per hour, PPP converted",LR,Chain linked volume (rebased),N,Non transformed data,_Z,Not applicable,PPP,PPP converted,2009,,55.032227327474,,A,Normal value,0,Units,2020,,2,Two
DATAFLOW,OECD.SDD.TPS:DSD_PDB@DF_PDB(2.0),Productivity database,I,ESP,Spain,A,Annual,GDPHRS,GDP per hour worked,_T,Total - all activities,USD_PPP_H,"US dollars per hour, PPP converted",LR,Chain linked volume (rebased),N,Non transformed data,_Z,Not applicable,PPP,PPP converted,2016,,60.34292224395987,,A,Normal value,0,Units,2020,,2,Two
DATAFLOW,OECD.SDD.TPS:DSD_PDB@DF_PDB(2.0),Productivity database,I,ESP,Spain,A,Annual,GDPHRS,GDP per hour worked,_T,Total - all activities,USD_PPP_H,"US dollars per hour, PPP converted",LR,Chain linked volume (rebased),N,Non transformed data,_Z,Not applicable,PPP,PPP converted,2025,,62.419959518240894,,A,Normal value,0,Units,2020,,2,Two
DATAFLOW,OECD.SDD.TPS:DSD_PDB@DF_PDB(2.0),Productivity database,I,ESP,Spain,A,Annual,GDPHRS,GDP per hour worked,_T,Total - all activities,USD_PPP_H,"US dollars per hour, PPP converted",LR,Chain linked volume (rebased),N,Non transformed data,_Z,Not applicable,PPP,PPP converted,2010,,56.36276948329654,,A,Normal value,0,Units,2020,,2,Two
DATAFLOW,OECD.SDD.TPS:DSD_PDB@DF_PDB(2.0),Productivity database,I,ESP,Spain,A,Annual,GDPHRS,GDP per hour worked,_T,Total - all activities,USD_PPP_H,"US dollars per hour, PPP converted",LR,Chain linked volume (rebased),N,Non transformed data,_Z,Not applicable,PPP,PPP converted,2011,,57.2137139027773,,A,Normal value,0,Units,2020,,2,Two
DATAFLOW,OECD.SDD.TPS:DSD_PDB@DF_PDB(2.0),Productivity database,I,ESP,Spain,A,Annual,GDPHRS,GDP per hour worked,_T,Total - all activities,USD_PPP_H,"US dollars per hour, PPP converted",LR,Chain linked volume (rebased),N,Non transformed data,_Z,Not applicable,PPP,PPP converted,2012,,58.38577333663197,,A,Normal value,0,Units,2020,,2,Two
DATAFLOW,OECD.SDD.TPS:DSD_PDB@DF_PDB(2.0),Productivity database,I,ESP,Spain,A,Annual,GDPHRS,GDP per hour worked,_T,Total - all activities,USD_PPP_H,"US dollars per hour, PPP converted",LR,Chain linked volume (rebased),N,Non transformed data,_Z,Not applicable,PPP,PPP converted,2013,,59.233739378836,,A,Normal value,0,Units,2020,,2,Two
DATAFLOW,OECD.SDD.TPS:DSD_PDB@DF_PDB(2.0),Productivity database,I,ESP,Spain,A,Annual,GDPHRS,GDP per hour worked,_T,Total - all activities,USD_PPP_H,"US dollars per hour, PPP converted",LR,Chain linked volume (rebased),N,Non transformed data,_Z,Not applicable,PPP,PPP converted,2014,,59.515761647513344,,A,Normal value,0,Units,2020,,2,Two
DATAFLOW,OECD.SDD.TPS:DSD_PDB@DF_PDB(2.0),Productivity database,I,ESP,Spain,A,Annual,GDPHRS,GDP per hour worked,_T,Total - all activities,USD_PPP_H,"US dollars per hour, PPP converted",LR,Chain linked volume (rebased),N,Non transformed data,_Z,Not applicable,PPP,PPP converted,2015,,60.13074449884353,,A,Normal value,0,Units,2020,,2,Two
DATAFLOW,OECD.SDD.TPS:DSD_PDB@DF_PDB(2.0),Productivity database,I,ESP,Spain,A,Annual,GDPHRS,GDP per hour worked,_T,Total - all activities,USD_PPP_H,"US dollars per hour, PPP converted",LR,Chain linked volume (rebased),N,Non transformed data,_Z,Not applicable,PPP,PPP converted,2017,,60.78892934578575,,A,Normal value,0,Units,2020,,2,Two
DATAFLOW,OECD.SDD.TPS:DSD_PDB@DF_PDB(2.0),Productivity database,I,ESP,Spain,A,Annual,GDPHRS,GDP per hour worked,_T,Total - all activities,USD_PPP_H,"US dollars per hour, PPP converted",LR,Chain linked volume (rebased),N,Non transformed data,_Z,Not applicable,PPP,PPP converted,2018,,60.745617435203904,,A,Normal value,0,Units,2020,,2,Two
DATAFLOW,OECD.SDD.TPS:DSD_PDB@DF_PDB(2.0),Productivity database,I,ESP,Spain,A,Annual,GDPHRS,GDP per hour worked,_T,Total - all activities,USD_PPP_H,"US dollars per hour, PPP converted",LR,Chain linked volume (rebased),N,Non transformed data,_Z,Not applicable,PPP,PPP converted,2019,,60.88583350061363,,A,Normal value,0,Units,2020,,2,Two
DATAFLOW,OECD.SDD.TPS:DSD_PDB@DF_PDB(2.0),Productivity database,I,ESP,Spain,A,Annual,GDPHRS,GDP per hour worked,_T,Total - all activities,USD_PPP_H,"US dollars per hour, PPP converted",LR,Chain linked volume (rebased),N,Non transformed data,_Z,Not applicable,PPP,PPP converted,2020,,60.913382225942385,,A,Normal value,0,Units,2020,,2,Two
DATAFLOW,OECD.SDD.TPS:DSD_PDB@DF_PDB(2.0),Productivity database,I,ESP,Spain,A,Annual,GDPHRS,GDP per hour worked,_T,Total - all activities,USD_PPP_H,"US dollars per hour, PPP converted",LR,Chain linked volume (rebased),N,Non transformed data,_Z,Not applicable,PPP,PPP converted,2021,,60.60224613800636,,A,Normal value,0,Units,2020,,2,Two
DATAFLOW,OECD.SDD.TPS:DSD_PDB@DF_PDB(2.0),Productivity database,I,ESP,Spain,A,Annual,GDPHRS,GDP per hour worked,_T,Total - all activities,USD_PPP_H,"US dollars per hour, PPP converted",LR,Chain linked volume (rebased),N,Non transformed data,_Z,Not applicable,PPP,PPP converted,2022,,61.35507925732302,,A,Normal value,0,Units,2020,,2,Two
DATAFLOW,OECD.SDD.TPS:DSD_PDB@DF_PDB(2.0),Productivity database,I,ESP,Spain,A,Annual,GDPHRS,GDP per hour worked,_T,Total - all activities,USD_PPP_H,"US dollars per hour, PPP converted",LR,Chain linked volume (rebased),N,Non transformed data,_Z,Not applicable,PPP,PPP converted,2000,,52.29880731929661,,A,Normal value,0,Units,2020,,2,Two
DATAFLOW,OECD.SDD.TPS:DSD_PDB@DF_PDB(2.0),Productivity database,I,ESP,Spain,A,Annual,GDPHRS,GDP per hour worked,_T,Total - all activities,USD_PPP_H,"US dollars per hour, PPP converted",LR,Chain linked volume (rebased),N,Non transformed data,_Z,Not applicable,PPP,PPP converted,2001,,52.309684547232294,,A,Normal value,0,Units,2020,,2,Two
DATAFLOW,OECD.SDD.TPS:DSD_PDB@DF_PDB(2.0),Productivity database,I,ESP,Spain,A,Annual,GDPHRS,GDP per hour worked,_T,Total - all activities,USD_PPP_H,"US dollars per hour, PPP converted",LR,Chain linked volume (rebased),N,Non transformed data,_Z,Not applicable,PPP,PPP converted,2002,,52.41109782642332,,A,Normal value,0,Units,2020,,2,Two
DATAFLOW,OECD.SDD.TPS:DSD_PDB@DF_PDB(2.0),Productivity database,I,ESP,Spain,A,Annual,GDPHRS,GDP per hour worked,_T,Total - all activities,USD_PPP_H,"US dollars per hour, PPP converted",LR,Chain linked volume (rebased),N,Non transformed data,_Z,Not applicable,PPP,PPP converted,2003,,52.564430201576315,,A,Normal value,0,Units,2020,,2,Two
DATAFLOW,OECD.SDD.TPS:DSD_PDB@DF_PDB(2.0),Productivity database,I,ESP,Spain,A,Annual,GDPHRS,GDP per hour worked,_T,Total - all activities,USD_PPP_H,"US dollars per hour, PPP converted",LR,Chain linked volume (rebased),N,Non transformed data,_Z,Not applicable,PPP,PPP converted,2004,,52.73453513121698,,A,Normal value,0,Units,2020,,2,Two
DATAFLOW,OECD.SDD.TPS:DSD_PDB@DF_PDB(2.0),Productivity database,I,ESP,Spain,A,Annual,GDPHRS,GDP per hour worked,_T,Total - all activities,USD_PPP_H,"US dollars per hour, PPP converted",LR,Chain linked volume (rebased),N,Non transformed data,_Z,Not applicable,PPP,PPP converted,2005,,52.898381800733574,,A,Normal value,0,Units,2020,,2,Two
DATAFLOW,OECD.SDD.TPS:DSD_PDB@DF_PDB(2.0),Productivity database,I,USA,United States,A,Annual,GDPHRS,GDP per hour worked,_T,Total - all activities,USD_PPP_H,"US dollars per hour, PPP converted",LR,Chain linked volume (rebased),N,Non transformed data,_Z,Not applicable,PPP,PPP converted,2002,,59.99792776000466,,A,Normal value,0,Units,2020,,2,Two
DATAFLOW,OECD.SDD.TPS:DSD_PDB@DF_PDB(2.0),Productivity database,I,USA,United States,A,Annual,GDPHRS,GDP per hour worked,_T,Total - all activities,USD_PPP_H,"US dollars per hour, PPP converted",LR,Chain linked volume (rebased),N,Non transformed data,_Z,Not applicable,PPP,PPP converted,2003,,61.996445115484114,,A,Normal value,0,Units,2020,,2,Two
DATAFLOW,OECD.SDD.TPS:DSD_PDB@DF_PDB(2.0),Productivity database,I,USA,United States,A,Annual,GDPHRS,GDP per hour worked,_T,Total - all activities,USD_PPP_H,"US dollars per hour, PPP converted",LR,Chain linked volume (rebased),GY,"Growth rate, over 1 year",_Z,Not applicable,PPP,PPP converted,2017,,1.058771546424464,,A,Normal value,0,Units,2020,,2,Two
DATAFLOW,OECD.SDD.TPS:DSD_PDB@DF_PDB(2.0),Productivity database,I,USA,United States,A,Annual,GDPHRS,GDP per hour worked,_T,Total - all activities,USD_PPP_H,"US dollars per hour, PPP converted",LR,Chain linked volume (rebased),GY,"Growth rate, over 1 year",_Z,Not applicable,PPP,PPP converted,2018,,1.0910496588067975,,A,Normal value,0,Units,2020,,2,Two
DATAFLOW,OECD.SDD.TPS:DSD_PDB@DF_PDB(2.0),Productivity database,I,USA,United States,A,Annual,GDPHRS,GDP per hour worked,_T,Total - all activities,USD_PPP_H,"US dollars per hour, PPP converted",LR,Chain linked volume (rebased),GY,"Growth rate, over 1 year",_Z,Not applicable,PPP,PPP converted,2019,,1.7202209222761278,,A,Normal value,0,Units,2020,,2,Two
DATAFLOW,OECD.SDD.TPS:DSD_PDB@DF_PDB(2.0),Productivity database,I,USA,United States,A,Annual,GDPHRS,GDP per hour worked,_T,Total - all activities,USD_PPP_H,"US dollars per hour, PPP converted",LR,Chain linked volume (rebased),GY,"Growth rate, over 1 year",_Z,Not applicable,PPP,PPP converted,2020,,4.549470984076542,,A,Normal value,0,Units,2020,,2,Two
DATAFLOW,OECD.SDD.TPS:DSD_PDB@DF_PDB(2.0),Productivity database,I,USA,United States,A,Annual,GDPHRS,GDP per hour worked,_T,Total - all activities,USD_PPP_H,"US dollars per hour, PPP converted",LR,Chain linked volume (rebased),GY,"Growth rate, over 1 year",_Z,Not applicable,PPP,PPP converted,2021,,1.8291629521568042,,A,Normal value,0,Units,2020,,2,Two
DATAFLOW,OECD.SDD.TPS:DSD_PDB@DF_PDB(2.0),Productivity database,I,USA,United States,A,Annual,GDPHRS,GDP per hour worked,_T,Total - all activities,USD_PPP_H,"US dollars per hour, PPP converted",LR,Chain linked volume (rebased),GY,"Growth rate, over 1 year",_Z,Not applicable,PPP,PPP converted,2005,,2.0131369355510076,,A,Normal value,0,Units,2020,,2,Two
DATAFLOW,OECD.SDD.TPS:DSD_PDB@DF_PDB(2.0),Productivity database,I,USA,United States,A,Annual,GDPHRS,GDP per hour worked,_T,Total - all activities,USD_PPP_H,"US dollars per hour, PPP converted",LR,Chain linked volume (rebased),GY,"Growth rate, over 1 year",_Z,Not applicable,PPP,PPP converted,2006,,1.0340162559850707,,A,Normal value,0,Units,2020,,2,Two
DATAFLOW,OECD.SDD.TPS:DSD_PDB@DF_PDB(2.0),Productivity database,I,USA,United States,A,Annual,GDPHRS,GDP per hour worked,_T,Total - all activities,USD_PPP_H,"US dollars per hour, PPP converted",LR,Chain linked volume (rebased),GY,"Growth rate, over 1 year",_Z,Not applicable,PPP,PPP converted,2007,,0.9929210920665676,,A,Normal value,0,Units,2020,,2,Two
DATAFLOW,OECD.SDD.TPS:DSD_PDB@DF_PDB(2.0),Productivity database,I,USA,United States,A,Annual,GDPHRS,GDP per hour worked,_T,Total - all activities,USD_PPP_H,"US dollars per hour, PPP converted",LR,Chain linked volume (rebased),GY,"Growth rate, over 1 year",_Z,Not applicable,PPP,PPP converted,2008,,1.380901667013723,,A,Normal value,0,Units,2020,,2,Two
DATAFLOW,OECD.SDD.TPS:DSD_PDB@DF_PDB(2.0),Productivity database,I,USA,United States,A,Annual,GDPHRS,GDP per hour worked,_T,Total - all activities,USD_PPP_H,"US dollars per hour, PPP converted",LR,Chain linked volume (rebased),GY,"Growth rate, over 1 year",_Z,Not applicable,PPP,PPP converted,2009,,3.6439150302791434,,A,Normal value,0,Units,2020,,2,Two
DATAFLOW,OECD.SDD.TPS:DSD_PDB@DF_PDB(2.0),Productivity database,I,USA,United States,A,Annual,GDPHRS,GDP per hour worked,_T,Total - all activities,USD_PPP_H,"US dollars per hour, PPP converted",LR,Chain linked volume (rebased),GY,"Growth rate, over 1 year",_Z,Not applicable,PPP,PPP converted,2010,,2.4318476301718572,,A,Normal value,0,Units,2020,,2,Two
DATAFLOW,OECD.SDD.TPS:DSD_PDB@DF_PDB(2.0),Productivity database,I,USA,United States,A,Annual,GDPHRS,GDP per hour worked,_T,Total - all activities,USD_PPP_H,"US dollars per hour, PPP converted",LR,Chain linked volume (rebased),GY,"Growth rate, over 1 year",_Z,Not applicable,PPP,PPP converted,2011,,-0.1132050100535631,,A,Normal value,0,Units,2020,,2,Two
DATAFLOW,OECD.SDD.TPS:DSD_PDB@DF_PDB(2.0),Productivity database,I,USA,United States,A,Annual,GDPHRS,GDP per hour worked,_T,Total - all activities,USD_PPP_H,"US dollars per hour, PPP converted",LR,Chain linked volume (rebased),GY,"Growth rate, over 1 year",_Z,Not applicable,PPP,PPP converted,2012,,0.5008471794196279,,A,Normal value,0,Units,2020,,2,Two
DATAFLOW,OECD.SDD.TPS:DSD_PDB@DF_PDB(2.0),Productivity database,I,USA,United States,A,Annual,GDPHRS,GDP per hour worked,_T,Total - all activities,USD_PPP_H,"US dollars per hour, PPP converted",LR,Chain linked volume (rebased),GY,"Growth rate, over 1 year",_Z,Not applicable,PPP,PPP converted,2013,,0.4655447188206985,,A,Normal value,0,Units,2020,,2,Two
DATAFLOW,OECD.SDD.TPS:DSD_PDB@DF_PDB(2.0),Productivity database,I,USA,United States,A,Annual,GDPHRS,GDP per hour worked,_T,Total - all activities,USD_PPP_H,"US dollars per hour, PPP converted",LR,Chain linked volume (rebased),GY,"Growth rate, over 1 year",_Z,Not applicable,PPP,PPP converted,2014,,0.7724187991550613,,A,Normal value,0,Units,2020,,2,Two
DATAFLOW,OECD.SDD.TPS:DSD_PDB@DF_PDB(2.0),Productivity database,I,USA,United States,A,Annual,GDPHRS,GDP per hour worked,_T,Total - all activities,USD_PPP_H,"US dollars per hour, PPP converted",LR,Chain linked volume (rebased),GY,"Growth rate, over 1 year",_Z,Not applicable,PPP,PPP converted,2015,,1.1679389627640147,,A,Normal value,0,Units,2020,,2,Two
DATAFLOW,OECD.SDD.TPS:DSD_PDB@DF_PDB(2.0),Productivity database,I,USA,United States,A,Annual,GDPHRS,GDP per hour worked,_T,Total - all activities,USD_PPP_H,"US dollars per hour, PPP converted",LR,Chain linked volume (rebased),GY,"Growth rate, over 1 year",_Z,Not applicable,PPP,PPP converted,2016,,0.6641853412264531,,A,Normal value,0,Units,2020,,2,Two
DATAFLOW,OECD.SDD.TPS:DSD_PDB@DF_PDB(2.0),Productivity database,I,USA,United States,A,Annual,GDPHRS,GDP per hour worked,_T,Total - all activities,USD_PPP_H,"US dollars per hour, PPP converted",LR,Chain linked volume (rebased),N,Non transformed data,_Z,Not applicable,PPP,PPP converted,2004,,63.54378822840639,,A,Normal value,0,Units,2020,,2,Two
DATAFLOW,OECD.SDD.TPS:DSD_PDB@DF_PDB(2.0),Productivity database,I,USA,United States,A,Annual,GDPHRS,GDP per hour worked,_T,Total - all activities,USD_PPP_H,"US dollars per hour, PPP converted",LR,Chain linked volume (rebased),N,Non transformed data,_Z,Not applicable,PPP,PPP converted,2005,,64.82301170051905,,A,Normal value,0,Units,2020,,2,Two
DATAFLOW,OECD.SDD.TPS:DSD_PDB@DF_PDB(2.0),Productivity database,I,USA,United States,A,Annual,GDPHRS,GDP per hour worked,_T,Total - all activities,USD_PPP_H,"US dollars per hour, PPP converted",LR,Chain linked volume (rebased),N,Non transformed data,_Z,Not applicable,PPP,PPP converted,2006,,65.49329217820618,,A,Normal value,0,Units,2020,,2,Two
DATAFLOW,OECD.SDD.TPS:DSD_PDB@DF_PDB(2.0),Productivity database,I,USA,United States,A,Annual,GDPHRS,GDP per hour worked,_T,Total - all activities,USD_PPP_H,"US dollars per hour, PPP converted",LR,Chain linked volume (rebased),N,Non transformed data,_Z,Not applicable,PPP,PPP converted,2007,,66.14358889328253,,A,Normal value,0,Units,2020,,2,Two
DATAFLOW,OECD.SDD.TPS:DSD_PDB@DF_PDB(2.0),Productivity database,I,USA,United States,A,Annual,GDPHRS,GDP per hour worked,_T,Total - all activities,USD_PPP_H,"US dollars per hour, PPP converted",LR,Chain linked volume (rebased),N,Non transformed data,_Z,Not applicable,PPP,PPP converted,2008,,67.05696681449068,,A,Normal value,0,Units,2020,,2,Two
DATAFLOW,OECD.SDD.TPS:DSD_PDB@DF_PDB(2.0),Productivity database,I,USA,United States,A,Annual,GDPHRS,GDP per hour worked,_T,Total - all activities,USD_PPP_H,"US dollars per hour, PPP converted",LR,Chain linked volume (rebased),N,Non transformed data,_Z,Not applicable,PPP,PPP converted,2009,,69.50046570394345,,A,Normal value,0,Units,2020,,2,Two
DATAFLOW,OECD.SDD.TPS:DSD_PDB@DF_PDB(2.0),Productivity database,I,USA,United States,A,Annual,GDPHRS,GDP per hour worked,_T,Total - all activities,USD_PPP_H,"US dollars per hour, PPP converted",LR,Chain linked volume (rebased),N,Non transformed data,_Z,Not applicable,PPP,PPP converted,2010,,71.1906111351642,,A,Normal value,0,Units,2020,,2,Two
DATAFLOW,OECD.SDD.TPS:DSD_PDB@DF_PDB(2.0),Productivity database,I,USA,United States,A,Annual,GDPHRS,GDP per hour worked,_T,Total - all activities,USD_PPP_H,"US dollars per hour, PPP converted",LR,Chain linked volume (rebased),N,Non transformed data,_Z,Not applicable,PPP,PPP converted,2011,,71.11001979434774,,A,Normal value,0,Units,2020,,2,Two
DATAFLOW,OECD.SDD.TPS:DSD_PDB@DF_PDB(2.0),Productivity database,I,USA,United States,A,Annual,GDPHRS,GDP per hour worked,_T,Total - all activities,USD_PPP_H,"US dollars per hour, PPP converted",LR,Chain linked volume (rebased),N,Non transformed data,_Z,Not applicable,PPP,PPP converted,2012,,71.46617232541249,,A,Normal value,0,Units,2020,,2,Two
DATAFLOW,OECD.SDD.TPS:DSD_PDB@DF_PDB(2.0),Productivity database,I,USA,United States,A,Annual,GDPHRS,GDP per hour worked,_T,Total - all activities,USD_PPP_H,"US dollars per hour, PPP converted",LR,Chain linked volume (rebased),N,Non transformed data,_Z,Not applicable,PPP,PPP converted,2013,,71.79887931400513,,A,Normal value,0,Units,2020,,2,Two
DATAFLOW,OECD.SDD.TPS:DSD_PDB@DF_PDB(2.0),Productivity database,I,USA,United States,A,Annual,GDPHRS,GDP per hour worked,_T,Total - all activities,USD_PPP_H,"US dollars per hour, PPP converted",LR,Chain linked volume (rebased),N,Non transformed data,_Z,Not applicable,PPP,PPP converted,2014,,72.35346735812777,,A,Normal value,0,Units,2020,,2,Two
DATAFLOW,OECD.SDD.TPS:DSD_PDB@DF_PDB(2.0),Productivity database,I,USA,United States,A,Annual,GDPHRS,GDP per hour worked,_T,Total - all activities,USD_PPP_H,"US dollars per hour, PPP converted",LR,Chain linked volume (rebased),N,Non transformed data,_Z,Not applicable,PPP,PPP converted,2015,,73.19851169166591,,A,Normal value,0,Units,2020,,2,Two
DATAFLOW,OECD.SDD.TPS:DSD_PDB@DF_PDB(2.0),Productivity database,I,USA,United States,A,Annual,GDPHRS,GDP per hour worked,_T,Total - all activities,USD_PPP_H,"US dollars per hour, PPP converted",LR,Chain linked volume (rebased),N,Non transformed data,_Z,Not applicable,PPP,PPP converted,2016,,73.6846854784062,,A,Normal value,0,Units,2020,,2,Two
DATAFLOW,OECD.SDD.TPS:DSD_PDB@DF_PDB(2.0),Productivity database,I,USA,United States,A,Annual,GDPHRS,GDP per hour worked,_T,Total - all activities,USD_PPP_H,"US dollars per hour, PPP converted",LR,Chain linked volume (rebased),N,Non transformed data,_Z,Not applicable,PPP,PPP converted,2017,,74.46483796197043,,A,Normal value,0,Units,2020,,2,Two
DATAFLOW,OECD.SDD.TPS:DSD_PDB@DF_PDB(2.0),Productivity database,I,USA,United States,A,Annual,GDPHRS,GDP per hour worked,_T,Total - all activities,USD_PPP_H,"US dollars per hour, PPP converted",LR,Chain linked volume (rebased),N,Non transformed data,_Z,Not applicable,PPP,PPP converted,2018,,75.27728632091625,,A,Normal value,0,Units,2020,,2,Two
DATAFLOW,OECD.SDD.TPS:DSD_PDB@DF_PDB(2.0),Productivity database,I,USA,United States,A,Annual,GDPHRS,GDP per hour worked,_T,Total - all activities,USD_PPP_H,"US dollars per hour, PPP converted",LR,Chain linked volume (rebased),N,Non transformed data,_Z,Not applicable,PPP,PPP converted,2019,,76.57222195017918,,A,Normal value,0,Units,2020,,2,Two
DATAFLOW,OECD.SDD.TPS:DSD_PDB@DF_PDB(2.0),Productivity database,I,USA,United States,A,Annual,GDPHRS,GDP per hour worked,_T,Total - all activities,USD_PPP_H,"US dollars per hour, PPP converted",LR,Chain linked volume (rebased),N,Non transformed data,_Z,Not applicable,PPP,PPP converted,2020,,80.05585297032337,,A,Normal value,0,Units,2020,,2,Two
DATAFLOW,OECD.SDD.TPS:DSD_PDB@DF_PDB(2.0),Productivity database,I,USA,United States,A,Annual,GDPHRS,GDP per hour worked,_T,Total - all activities,USD_PPP_H,"US dollars per hour, PPP converted",LR,Chain linked volume (rebased),N,Non transformed data,_Z,Not applicable,PPP,PPP converted,2021,,81.52020497270419,,A,Normal value,0,Units,2020,,2,Two
DATAFLOW,OECD.SDD.TPS:DSD_PDB@DF_PDB(2.0),Productivity database,I,USA,United States,A,Annual,GDPHRS,GDP per hour worked,_T,Total - all activities,USD_PPP_H,"US dollars per hour, PPP converted",LR,Chain linked volume (rebased),N,Non transformed data,_Z,Not applicable,PPP,PPP converted,2022,,81.10142875669932,,A,Normal value,0,Units,2020,,2,Two
DATAFLOW,OECD.SDD.TPS:DSD_PDB@DF_PDB(2.0),Productivity database,I,USA,United States,A,Annual,GDPHRS,GDP per hour worked,_T,Total - all activities,USD_PPP_H,"US dollars per hour, PPP converted",LR,Chain linked volume (rebased),N,Non transformed data,_Z,Not applicable,PPP,PPP converted,2023,,82.26885599486027,,A,Normal value,0,Units,2020,,2,Two
DATAFLOW,OECD.SDD.TPS:DSD_PDB@DF_PDB(2.0),Productivity database,I,USA,United States,A,Annual,GDPHRS,GDP per hour worked,_T,Total - all activities,USD_PPP_H,"US dollars per hour, PPP converted",LR,Chain linked volume (rebased),N,Non transformed data,_Z,Not applicable,PPP,PPP converted,2024,,84.1147144673672,,A,Normal value,0,Units,2020,,2,Two
DATAFLOW,OECD.SDD.TPS:DSD_PDB@DF_PDB(2.0),Productivity database,I,USA,United States,A,Annual,GDPHRS,GDP per hour worked,_T,Total - all activities,USD_PPP_H,"US dollars per hour, PPP converted",LR,Chain linked volume (rebased),GY,"Growth rate, over 1 year",_Z,Not applicable,PPP,PPP converted,2000,,2.607895981713093,,A,Normal value,0,Units,2020,,2,Two
DATAFLOW,OECD.SDD.TPS:DSD_PDB@DF_PDB(2.0),Productivity database,I,USA,United States,A,Annual,GDPHRS,GDP per hour worked,_T,Total - all activities,USD_PPP_H,"US dollars per hour, PPP converted",LR,Chain linked volume (rebased),GY,"Growth rate, over 1 year",_Z,Not applicable,PPP,PPP converted,2001,,2.4076036520025434,,A,Normal value,0,Units,2020,,2,Two
DATAFLOW,OECD.SDD.TPS:DSD_PDB@DF_PDB(2.0),Productivity database,I,ESP,Spain,A,Annual,GDPHRS,GDP per hour worked,_T,Total - all activities,USD_PPP_H,"US dollars per hour, PPP converted",LR,Chain linked volume (rebased),N,Non transformed data,_Z,Not applicable,PPP,PPP converted,2006,,53.19045856774033,,A,Normal value,0,Units,2020,,2,Two
DATAFLOW,OECD.SDD.TPS:DSD_PDB@DF_PDB(2.0),Productivity database,I,USA,United States,A,Annual,GDPHRS,GDP per hour worked,_T,Total - all activities,USD_PPP_H,"US dollars per hour, PPP converted",LR,Chain linked volume (rebased),N,Non transformed data,_Z,Not applicable,PPP,PPP converted,2001,,58.21914399133466,,A,Normal value,0,Units,2020,,2,Two
DATAFLOW,OECD.SDD.TPS:DSD_PDB@DF_PDB(2.0),Productivity database,I,FRA,France,A,Annual,GDPHRS,GDP per hour worked,_T,Total - all activities,USD_PPP_H,"US dollars per hour, PPP converted",LR,Chain linked volume (rebased),N,Non transformed data,_Z,Not applicable,PPP,PPP converted,2018,,83.41902032227742,,A,Normal value,0,Units,2020,,2,Two
DATAFLOW,OECD.SDD.TPS:DSD_PDB@DF_PDB(2.0),Productivity database,I,DEU,Germany,A,Annual,GDPHRS,GDP per hour worked,_T,Total - all activities,USD_PPP_H,"US dollars per hour, PPP converted",LR,Chain linked volume (rebased),N,Non transformed data,_Z,Not applicable,PPP,PPP converted,2017,,81.10085492613773,,A,Normal value,0,Units,2020,,2,Two
DATAFLOW,OECD.SDD.TPS:DSD_PDB@DF_PDB(2.0),Productivity database,I,DEU,Germany,A,Annual,GDPHRS,GDP per hour worked,_T,Total - all activities,USD_PPP_H,"US dollars per hour, PPP converted",LR,Chain linked volume (rebased),N,Non transformed data,_Z,Not applicable,PPP,PPP converted,2018,,81.38619176211026,,A,Normal value,0,Units,2020,,2,Two
DATAFLOW,OECD.SDD.TPS:DSD_PDB@DF_PDB(2.0),Productivity database,I,DEU,Germany,A,Annual,GDPHRS,GDP per hour worked,_T,Total - all activities,USD_PPP_H,"US dollars per hour, PPP converted",LR,Chain linked volume (rebased),N,Non transformed data,_Z,Not applicable,PPP,PPP converted,2019,,81.94773753764709,,A,Normal value,0,Units,2020,,2,Two
DATAFLOW,OECD.SDD.TPS:DSD_PDB@DF_PDB(2.0),Productivity database,I,USA,United States,A,Annual,GDPHRS,GDP per hour worked,_T,Total - all activities,USD_PPP_H,"US dollars per hour, PPP converted",LR,Chain linked volume (rebased),GY,"Growth rate, over 1 year",_Z,Not applicable,PPP,PPP converted,2004,,2.495857804428603,,A,Normal value,0,Units,2020,,2,Two
DATAFLOW,OECD.SDD.TPS:DSD_PDB@DF_PDB(2.0),Productivity database,I,DEU,Germany,A,Annual,GDPHRS,GDP per hour worked,_T,Total - all activities,USD_PPP_H,"US dollars per hour, PPP converted",LR,Chain linked volume (rebased),N,Non transformed data,_Z,Not applicable,PPP,PPP converted,2011,,76.337667031795,,A,Normal value,0,Units,2020,,2,Two
DATAFLOW,OECD.SDD.TPS:DSD_PDB@DF_PDB(2.0),Productivity database,I,DEU,Germany,A,Annual,GDPHRS,GDP per hour worked,_T,Total - all activities,USD_PPP_H,"US dollars per hour, PPP converted",LR,Chain linked volume (rebased),N,Non transformed data,_Z,Not applicable,PPP,PPP converted,2012,,76.93112005704255,,A,Normal value,0,Units,2020,,2,Two
DATAFLOW,OECD.SDD.TPS:DSD_PDB@DF_PDB(2.0),Productivity database,I,DEU,Germany,A,Annual,GDPHRS,GDP per hour worked,_T,Total - all activities,USD_PPP_H,"US dollars per hour, PPP converted",LR,Chain linked volume (rebased),N,Non transformed data,_Z,Not applicable,PPP,PPP converted,2013,,77.22974821621148,,A,Normal value,0,Units,2020,,2,Two
DATAFLOW,OECD.SDD.TPS:DSD_PDB@DF_PDB(2.0),Productivity database,I,DEU,Germany,A,Annual,GDPHRS,GDP per hour worked,_T,Total - all activities,USD_PPP_H,"US dollars per hour, PPP converted",LR,Chain linked volume (rebased),N,Non transformed data,_Z,Not applicable,PPP,PPP converted,2014,,77.97713783187734,,A,Normal value,0,Units,2020,,2,Two
DATAFLOW,OECD.SDD.TPS:DSD_PDB@DF_PDB(2.0),Productivity database,I,DEU,Germany,A,Annual,GDPHRS,GDP per hour worked,_T,Total - all activities,USD_PPP_H,"US dollars per hour, PPP converted",LR,Chain linked volume (rebased),N,Non transformed data,_Z,Not applicable,PPP,PPP converted,2015,,78.48493163318584,,A,Normal value,0,Units,2020,,2,Two
DATAFLOW,OECD.SDD.TPS:DSD_PDB@DF_PDB(2.0),Productivity database,I,DEU,Germany,A,Annual,GDPHRS,GDP per hour worked,_T,Total - all activities,USD_PPP_H,"US dollars per hour, PPP converted",LR,Chain linked volume (rebased),N,Non transformed data,_Z,Not applicable,PPP,PPP converted,2016,,79.54771281876491,,A,Normal value,0,Units,2020,,2,Two
DATAFLOW,OECD.SDD.TPS:DSD_PDB@DF_PDB(2.0),Productivity database,I,USA,United States,A,Annual,GDPHRS,GDP per hour worked,_T,Total - all activities,USD_PPP_H,"US dollars per hour, PPP converted",LR,Chain linked volume (rebased),GY,"Growth rate, over 1 year",_Z,Not applicable,PPP,PPP converted,2024,,2.2436904590596107,,A,Normal value,0,Units,2020,,2,Two
DATAFLOW,OECD.SDD.TPS:DSD_PDB@DF_PDB(2.0),Productivity database,I,USA,United States,A,Annual,GDPHRS,GDP per hour worked,_T,Total - all activities,USD_PPP_H,"US dollars per hour, PPP converted",LR,Chain linked volume (rebased),N,Non transformed data,_Z,Not applicable,PPP,PPP converted,2025,,85.60236428340167,,A,Normal value,0,Units,2020,,2,Two
DATAFLOW,OECD.SDD.TPS:DSD_PDB@DF_PDB(2.0),Productivity database,I,USA,United States,A,Annual,GDPHRS,GDP per hour worked,_T,Total - all activities,USD_PPP_H,"US dollars per hour, PPP converted",LR,Chain linked volume (rebased),GY,"Growth rate, over 1 year",_Z,Not applicable,PPP,PPP converted,2025,,1.7685964076408212,,A,Normal value,0,Units,2020,,2,Two
DATAFLOW,OECD.SDD.TPS:DSD_PDB@DF_PDB(2.0),Productivity database,I,USA,United States,A,Annual,GDPHRS,GDP per hour worked,_T,Total - all activities,USD_PPP_H,"US dollars per hour, PPP converted",LR,Chain linked volume (rebased),N,Non transformed data,_Z,Not applicable,PPP,PPP converted,2000,,56.8504114124619,,A,Normal value,0,Units,2020,,2,Two
DATAFLOW,OECD.SDD.TPS:DSD_PDB@DF_PDB(2.0),Productivity database,I,JPN,Japan,A,Annual,GDPHRS,GDP per hour worked,_T,Total - all activities,USD_PPP_H,"US dollars per hour, PPP converted",LR,Chain linked volume (rebased),N,Non transformed data,_Z,Not applicable,PPP,PPP converted,2019,,51.04591774712302,,A,Normal value,0,Units,2020,,2,Two
DATAFLOW,OECD.SDD.TPS:DSD_PDB@DF_PDB(2.0),Productivity database,I,JPN,Japan,A,Annual,GDPHRS,GDP per hour worked,_T,Total - all activities,USD_PPP_H,"US dollars per hour, PPP converted",LR,Chain linked volume (rebased),N,Non transformed data,_Z,Not applicable,PPP,PPP converted,2020,,50.54510963834785,,A,Normal value,0,Units,2020,,2,Two
DATAFLOW,OECD.SDD.TPS:DSD_PDB@DF_PDB(2.0),Productivity database,I,JPN,Japan,A,Annual,GDPHRS,GDP per hour worked,_T,Total - all activities,USD_PPP_H,"US dollars per hour, PPP converted",LR,Chain linked volume (rebased),N,Non transformed data,_Z,Not applicable,PPP,PPP converted,2021,,51.894422595896465,,A,Normal value,0,Units,2020,,2,Two
DATAFLOW,OECD.SDD.TPS:DSD_PDB@DF_PDB(2.0),Productivity database,I,JPN,Japan,A,Annual,GDPHRS,GDP per hour worked,_T,Total - all activities,USD_PPP_H,"US dollars per hour, PPP converted",LR,Chain linked volume (rebased),N,Non transformed data,_Z,Not applicable,PPP,PPP converted,2022,,52.43174024938514,,A,Normal value,0,Units,2020,,2,Two
DATAFLOW,OECD.SDD.TPS:DSD_PDB@DF_PDB(2.0),Productivity database,I,JPN,Japan,A,Annual,GDPHRS,GDP per hour worked,_T,Total - all activities,USD_PPP_H,"US dollars per hour, PPP converted",LR,Chain linked volume (rebased),N,Non transformed data,_Z,Not applicable,PPP,PPP converted,2023,,52.41203659606682,,A,Normal value,0,Units,2020,,2,Two
DATAFLOW,OECD.SDD.TPS:DSD_PDB@DF_PDB(2.0),Productivity database,I,JPN,Japan,A,Annual,GDPHRS,GDP per hour worked,_T,Total - all activities,USD_PPP_H,"US dollars per hour, PPP converted",LR,Chain linked volume (rebased),N,Non transformed data,_Z,Not applicable,PPP,PPP converted,2024,,51.75376344696566,,A,Normal value,0,Units,2020,,2,Two
DATAFLOW,OECD.SDD.TPS:DSD_PDB@DF_PDB(2.0),Productivity database,I,JPN,Japan,A,Annual,GDPHRS,GDP per hour worked,_T,Total - all activities,USD_PPP_H,"US dollars per hour, PPP converted",LR,Chain linked volume (rebased),N,Non transformed data,_Z,Not applicable,PPP,PPP converted,2012,,47.07451906267339,,A,Normal value,0,Units,2020,,2,Two
DATAFLOW,OECD.SDD.TPS:DSD_PDB@DF_PDB(2.0),Productivity database,I,JPN,Japan,A,Annual,GDPHRS,GDP per hour worked,_T,Total - all activities,USD_PPP_H,"US dollars per hour, PPP converted",LR,Chain linked volume (rebased),N,Non transformed data,_Z,Not applicable,PPP,PPP converted,2003,,43.44741757913994,,A,Normal value,0,Units,2020,,2,Two
DATAFLOW,OECD.SDD.TPS:DSD_PDB@DF_PDB(2.0),Productivity database,I,JPN,Japan,A,Annual,GDPHRS,GDP per hour worked,_T,Total - all activities,USD_PPP_H,"US dollars per hour, PPP converted",LR,Chain linked volume (rebased),N,Non transformed data,_Z,Not applicable,PPP,PPP converted,2004,,44.45960774834469,,A,Normal value,0,Units,2020,,2,Two
DATAFLOW,OECD.SDD.TPS:DSD_PDB@DF_PDB(2.0),Productivity database,I,JPN,Japan,A,Annual,GDPHRS,GDP per hour worked,_T,Total - all activities,USD_PPP_H,"US dollars per hour, PPP converted",LR,Chain linked volume (rebased),N,Non transformed data,_Z,Not applicable,PPP,PPP converted,2018,,50.54514364919178,,A,Normal value,0,Units,2020,,2,Two
DATAFLOW,OECD.SDD.TPS:DSD_PDB@DF_PDB(2.0),Productivity database,I,FRA,France,A,Annual,GDPHRS,GDP per hour worked,_T,Total - all activities,USD_PPP_H,"US dollars per hour, PPP converted",LR,Chain linked volume (rebased),N,Non transformed data,_Z,Not applicable,PPP,PPP converted,2000,,70.7699400799346,,A,Normal value,0,Units,2020,,2,Two
DATAFLOW,OECD.SDD.TPS:DSD_PDB@DF_PDB(2.0),Productivity database,I,FRA,France,A,Annual,GDPHRS,GDP per hour worked,_T,Total - all activities,USD_PPP_H,"US dollars per hour, PPP converted",LR,Chain linked volume (rebased),N,Non transformed data,_Z,Not applicable,PPP,PPP converted,2001,,71.99242598927813,,A,Normal value,0,Units,2020,,2,Two
DATAFLOW,OECD.SDD.TPS:DSD_PDB@DF_PDB(2.0),Productivity database,I,FRA,France,A,Annual,GDPHRS,GDP per hour worked,_T,Total - all activities,USD_PPP_H,"US dollars per hour, PPP converted",LR,Chain linked volume (rebased),N,Non transformed data,_Z,Not applicable,PPP,PPP converted,2002,,74.03081498164141,,A,Normal value,0,Units,2020,,2,Two
DATAFLOW,OECD.SDD.TPS:DSD_PDB@DF_PDB(2.0),Productivity database,I,FRA,France,A,Annual,GDPHRS,GDP per hour worked,_T,Total - all activities,USD_PPP_H,"US dollars per hour, PPP converted",LR,Chain linked volume (rebased),N,Non transformed data,_Z,Not applicable,PPP,PPP converted,2003,,74.53609908259749,,A,Normal value,0,Units,2020,,2,Two
DATAFLOW,OECD.SDD.TPS:DSD_PDB@DF_PDB(2.0),Productivity database,I,JPN,Japan,A,Annual,GDPHRS,GDP per hour worked,_T,Total - all activities,USD_PPP_H,"US dollars per hour, PPP converted",LR,Chain linked volume (rebased),N,Non transformed data,_Z,Not applicable,PPP,PPP converted,2007,,45.719263490581085,,A,Normal value,0,Units,2020,,2,Two
DATAFLOW,OECD.SDD.TPS:DSD_PDB@DF_PDB(2.0),Productivity database,I,JPN,Japan,A,Annual,GDPHRS,GDP per hour worked,_T,Total - all activities,USD_PPP_H,"US dollars per hour, PPP converted",LR,Chain linked volume (rebased),N,Non transformed data,_Z,Not applicable,PPP,PPP converted,2008,,45.61304238400228,,A,Normal value,0,Units,2020,,2,Two
DATAFLOW,OECD.SDD.TPS:DSD_PDB@DF_PDB(2.0),Productivity database,I,KOR,Korea,A,Annual,GDPHRS,GDP per hour worked,_T,Total - all activities,USD_PPP_H,"US dollars per hour, PPP converted",LR,Chain linked volume (rebased),N,Non transformed data,_Z,Not applicable,PPP,PPP converted,2009,,33.379682821164266,,A,Normal value,0,Units,2020,,2,Two
DATAFLOW,OECD.SDD.TPS:DSD_PDB@DF_PDB(2.0),Productivity database,I,KOR,Korea,A,Annual,GDPHRS,GDP per hour worked,_T,Total - all activities,USD_PPP_H,"US dollars per hour, PPP converted",LR,Chain linked volume (rebased),N,Non transformed data,_Z,Not applicable,PPP,PPP converted,2010,,35.9430978311172,,A,Normal value,0,Units,2020,,2,Two
